code,degree_code,name,subject_type,num_credits,period,course,language,content,mention,url,bibliography
104343,2502441,Espacios Vectoriales,Formación Básica,6,2,1,Catalán,"b'ContenidoLa asignatura est\xc3\xa1 estructurada en cuatro bloques: un primer bloque m\xc3\xa1s computacional donde se prioriza la manipulaci\xc3\xb3n algebraica de matrices introduciendo sus operaciones b\xc3\xa1sicas. En el segundo bloque se formalizara los conceptos de espacio vectorial abstracto y de aplicaci\xc3\xb3n lineal, relacion\xc3\xa1ndolos con los contenidos del primer bloque. El tercer bloque, presenta una factorizaci\xc3\xb3n en aplicaciones lineales que tiene diferentes utilidades en el mundo de la ingenier\xc3\xada. El cuarto bloque est\xc3\xa1n dedicados a conceptos m\xc3\xa1s avanzados que aprovechan la estructura de espacio vectorial con m\xc3\xa9tricas.Tema 1: Matrices y ecuaciones lineales(A) Operaciones con matrices. Matriz invertible.(B) Transformaciones elementales en matrices. Forma normal de Gauss-Jordan.(C) Rango de una matriz. Criterio de invertibilidad. PAQ-reducci\xc3\xb3n. Inversa generalizada.(D) Resoluci\xc3\xb3n de sistemas de ecuaciones lineales.(E) Determinante de una matriz cuadrada.Tema 2: Espacios vectoriales y aplicaciones lineales(A) Definici\xc3\xb3n de espacio y subespacio vectorial. Productos escalares en espacios vectoriales. Independencia lineal, generadores y bases. Dimensi\xc3\xb3n.(B) N\xc3\xbacleo e imagen de una aplicaci\xc3\xb3n lineal. Composici\xc3\xb3n.(C) Coordenadas de vectores y matriz asociada a una aplicaci\xc3\xb3n lineal.Tema 3: Diagonalizaci\xc3\xb3n(A) Polinomio caracter\xc3\xadstico. Valores propios.(B) Vectores propios asociados a un vector propio. Diagonalizaci\xc3\xb3n de matrices.(C) Polinomio m\xc3\xadnimo.Tema 4: Ortogonalidad, espacios normados y formas cuadr\xc3\xa1ticas.(A) Formas bilineales y diagonalizaci\xc3\xb3n en matrices sim\xc3\xa9tricas.(B) Valores singulares y factorizaci\xc3\xb3n SVD (SingularValue Decomposition). Data Fitting.(C) Espacios de Hilbert.'",,https://guies.uab.cat/guies_docents/public/portal/html/2019/titulacio/2503758/assignatura/104343/es,"b'Bibliograf\xc3\xadaBretscher,O. ""Linear Algebra with Applications"", 1997, Prentice-Hall International, Inc.Nart,E.;Xarles,X.""Apunts d\'\xc3\xa0lgebra lineal"", 2016, col.lecci\xc3\xb3 Materials UAB, num.237.Seasone,G""Elementary notions of Hilbert Spaces"" 1991, NewYork, Dover.'"
104339,2502441,Fundamentos de Informática,Formación Básica,9,1,1,,"b'ContenidoSistema Operativo a nivel usuario. Introducir el SO Linux, sus comandos m\xc3\xa1s importantes, la programaci\xc3\xb3n de archivos de comandos (shell scripts). Haciendo especial \xc3\xa9nfasis en las capacidades para tratar archivos de datos.Introducci\xc3\xb3n al lenguaje compilado C. Diferencias entre programas interpretados y compilados, estructura b\xc3\xa1sica de un programa en C y estructuras de datos y programaci\xc3\xb3n m\xc3\xa1s importantes.Representaci\xc3\xb3n de la informaci\xc3\xb3n. Representaci\xc3\xb3n en binario de informaci\xc3\xb3n num\xc3\xa9rica (enteros, reales), caracteres, informaci\xc3\xb3n l\xc3\xb3gica y otros tipos de informaci\xc3\xb3n (im\xc3\xa1genes y sonido).Introducci\xc3\xb3n a la estructura del ordenador. Unidades funcionales del computador. Funcionamiento interno de un computador. El procesador. Flujo de ejecuci\xc3\xb3n de la instrucci\xc3\xb3n. El sistema de entrada/salida. Concepto de interrupci\xc3\xb3n. El sistema de memoria. Estructura jer\xc3\xa1rquica de la memoria.Lenguaje m\xc3\xa1quina y ensamblador. Modos de direccionamiento. Computador did\xc3\xa1ctico elemental.Introducci\xc3\xb3n a la estructura y funciones del Sistema Operativo. Evoluci\xc3\xb3n. Gesti\xc3\xb3n: procesador, memoria, E/S, ficheros. Llamadas al sistema.Conceptos sobre redes de computadores. Transmisi\xc3\xb3n de datos. Redes de computadores. Clusters y computaci\xc3\xb3n en la nube (Cloud Computing).'",,https://guies.uab.cat/guies_docents/public/portal/html/2019/titulacio/2503758/assignatura/104339/es,"b'Bibliograf\xc3\xadaFundamentos de los Computadores. Pedro de Miguel Anasagasti. Paraninfo. 9a edici\xc3\xb3n. 2004.Conceptos de Inform\xc3\xa1tica. Alberto Prieto Espinosa. Mc Graw Hill. 2005.Fundamentos de inform\xc3\xa1tica y programaci\xc3\xb3n en C. Diego R. Llanos Ferraris. Paraninfo. 2010.El Lenguaje de Programaci\xc3\xb3n C. Brian W. Kernighan, Dennis M. Ritchie. Prentice Hall. 2a edici\xc3\xb3n. 1991.'"
104342,2502441,Fundamentos de Matemáticas,Formación Básica,6,1,1,Catalán,"b'Contenido1. Funciones de una variable1.1. Dominios. Desigualdades, l\xc3\xadmites y continuidad.1.2. Derivaci\xc3\xb3n. Extremos absolutos y relativos.1.3. Gr\xc3\xa1ficos de funciones.1.4. F\xc3\xb3rmula de Taylor y aplicaciones.1.5. Ceros de funciones de una variable. Bisecci\xc3\xb3n y m\xc3\xa9todo Newton.2. Sucesiones de n\xc3\xbameros reales.2.1. Sucesiones de Cauchy. L\xc3\xadmite de una sucesi\xc3\xb3n. C\xc3\xa1lculo de l\xc3\xadmites.3. Integraci\xc3\xb3n en una variable.3.1. Definiciones e interpretaci\xc3\xb3n.3.2. T\xc3\xa9cnicas de integraci\xc3\xb3n: Por partes y cambio de variablers. Integrales racionales.3.3. La integral definida. Teorema fundamental del c\xc3\xa1lculo. C\xc3\xa1lculo de \xc3\xa1reas.4. Funciones de varias variables.4.1. Curvas y superficies niveladas.4.2. Continuidad.4.3. Derivadas parciales. Regla de cadena.4.4. Gradiente y derivadas direccionales.4.5. Funciones diferenciables. Rectas y planos tangentes.4.6. Valores m\xc3\xa1ximos y m\xc3\xadnimos. Extremos relativos.4.7. Optimizaci\xc3\xb3n. M\xc3\xa9todo del Gradienet y de Lagrange.5. Integraco\xc3\xb3n M\xc3\xbaltiple.5.1. Integrales Iteradas. Teorema de Fubini.5.2. Cambios variables. Coordenadas polares, cil\xc3\xadndricas y esf\xc3\xa9ricas.'",,https://guies.uab.cat/guies_docents/public/portal/html/2019/titulacio/2503758/assignatura/104342/es,"b""Bibliograf\xc3\xada1. D. Pestana, J. Rodrguez, E. Romera, E. Touris, V. Alvarez, A. Portilla. Curso Pr\xc3\xa1ctico de C\xc3\xa1lculo y Prec\xc3\xa1lculo, Ed. Ariel, 2000.2. S.L. Salas, E. Hille. Calculus Vol. 1, Ed. Reverte, 2002.3. C. Neuhauser, Matem\xc3\xa1ticas para ciencias. 2a, edici\xc3\xb3n Pearson, Prentice Hall.4. J.M. Ortega, Introducci\xc3\xb3 a l'An\xc3\xa0lisi Matem\xc3\xa0tica. Manual UAB"""
104337,2502441,Fundamentos de Programación,Formación Básica,6,1,1,Catalán,"b""ContenidoTema 1: Introducci\xc3\xb3n a la inform\xc3\xa1ticaHistoria. Estructura funcional del ordenador. Programas / instrucciones. Niveles conceptuales del ordenador.Tema 2: Resoluci\xc3\xb3n de problemas: introducci\xc3\xb3n a la algor\xc3\xadtmica y la programaci\xc3\xb3n.Introducci\xc3\xb3n a la resoluci\xc3\xb3n de problemas. Concepto de algoritmo. Fases en el desarrollo de algoritmos. La programaci\xc3\xb3n como disciplina de ingenier\xc3\xada. Ciclo de vida del software. Elementos b\xc3\xa1sicos de un algoritmo. Herramientas para la representaci\xc3\xb3n de algoritmos. Lenguajes de programaci\xc3\xb3n. Clasificaci\xc3\xb3n. Traductores de lenguajes: Compiladores e int\xc3\xa9rpretes.Tema 3: Conceptos b\xc3\xa1sicos y estructuras de controlDefinici\xc3\xb3n de variables y constantes. Tipo de datos fundamentales. Estructura Secuencial. Estructuras de selecci\xc3\xb3n o condicionales. Estructuras iterativas o repetitivas.Tema 4: SubprogramasEl concepto de subprograma como abstracci\xc3\xb3n de operaciones. Localidad, anidamiento, \xc3\xa1mbito y visibilidad. Definici\xc3\xb3n de funciones y procedimientos. Llamadas a funciones y procedimientos. Dise\xc3\xb1o modular descendente.Tema 5: Control de erroresTipos de errores. Excepciones yassert's.Programaci\xc3\xb3n preventiva. Depuraci\xc3\xb3n de programas.Tema 6: Introducci\xc3\xb3n a la programaci\xc3\xb3n orientada a objetosClases y objetos. Atributos y m\xc3\xa9todos. Encapsulaci\xc3\xb3n. Definici\xc3\xb3n de clases.Tema 7: Tipos de datos complejosArrays (unidimensionales y multidimensionales). Listas, tuplas y conjuntos. Diccionarios.Tema 8: FicherosDefiniciones b\xc3\xa1sicas. Entrada / salida de datos en ficheros. Tipo de accesos a ficheros.""",,https://guies.uab.cat/guies_docents/public/portal/html/2019/titulacio/2503758/assignatura/104337/es,"b'Bibliograf\xc3\xadaJ. Guttag.Introduction to Computation and Programming Using Python: With Application to Understanding Data Second Edition. MIT Press. ISBN-10: 9780262529624S. ChazalletPython 3. Los fundamentos del lenguaje.\xc2\xa0\xc2\xa0Eni,\xc2\xa0ISBN-10: 2409006140E. Matthes.Python Crash Course: A Hands-On, Project-Based Introduction to Programming.\xc2\xa0No Starch Press\xc2\xa0ISBN-10:\xc2\xa01593276036M. Myers.A Smarter Way to Learn Python: Learn it faster. Remember it longer.\xc2\xa0Createspace Independent Pub\xc2\xa0\xc2\xa0ISBN-10:\xc2\xa01974431479A. Prieto, A. Lloris, J.C. Torres.Introducci\xc3\xb3n a la Inform\xc3\xa1tica. Mc Graw-Hill ISBN-10:\xc2\xa08448146247A. Prieto, B. Prieto.Conceptos de Inform\xc3\xa1tica. Mc Graw-Hill, Schaum ISBN-10:\xc2\xa08448198573L. Joyanes Aguilar.Fundamentos de Programaci\xc3\xb3n: Algoritmos, Estructuras de Datos y Objetos.\xc2\xa0 Mc. Graw-Hill. ISBN-10:8448161114'"
104345,2502441,Fundamentos Físicos para la Adquisición de Datos,Formación Básica,9,1,1,Catalán,b'ContenidoTema 1: Introducci\xc3\xb3n a la adquisici\xc3\xb3n de datosTema 2: Arquitecturas y sistemas para la adquisici\xc3\xb3n de datosTema 3: Tipos de datos. OperatividadTema 4: Fundamentos f\xc3\xadsicos para la adquisici\xc3\xb3n de datosTema 5: Sistemas digitalesTema 6: SensoresTema 7: Acondicionamiento de la se\xc3\xb1alTema 8: Tratamiento de datosTema 9: Aplicaciones propias de adquisici\xc3\xb3n de datos',,https://guies.uab.cat/guies_docents/public/portal/html/2019/titulacio/2503758/assignatura/104345/es,"b'Bibliograf\xc3\xadaDi Paolo Emilio, Maurizio, \xe2\x80\x9cData Acquisition Systems From Fundamentals to Applied Design\xe2\x80\x9d, Springer, 2013https://www.springer.com/gb/book/9781461442134Leonel Germ\xc3\xa1n Corona Ram\xc3\xadrez, Griselda Stephany Abarca Jim\xc3\xa9nez, Jes\xc3\xbas Mares Carre\xc3\xb1o, \xe2\x80\x9cSensores y Actuadores. Aplicaciones con Arduino\xe2\x80\x9d, Grupo Editorial Patria, 2014Enlace web:Campus Virtual:https://cv.uab.cat'"
104344,2502441,Organización y Gestión de Empresas,Formación Básica,6,2,1,Español,"b'ContenidoCap\xc3\xadtulo 1:MARCO CONCEPTUAL DE LA EMPRESA1. Naturaleza de la empresa y funci\xc3\xb3n empresarial2. Principios econ\xc3\xb3micos y formas de empresa seg\xc3\xban criterios jur\xc3\xaddicos y socioecon\xc3\xb3micos3. La relaci\xc3\xb3n entre eficiencia y tama\xc3\xb1o4. La empresa y el sistema econ\xc3\xb3micoCap\xc3\xadtulo 2:\xc3\x81REA FUNCIONAL DE PRODUCCI\xc3\x93N: ENFOQUE CL\xc3\x81SICO Y ENFOQUE DE GESTI\xc3\x93N1. Funci\xc3\xb3n de producci\xc3\xb3n y funci\xc3\xb3n de costes: correspondencias y par\xc3\xa1metros relevantes2. Productividades parciales, m\xc3\xadnimo t\xc3\xa9cnico y \xc3\xb3ptimo t\xc3\xa9cnico3. La maximizaci\xc3\xb3n de beneficios en competencia perfecta4. La maximizaci\xc3\xb3n de beneficios en monopolio de oferta5. Extensiones del modelo de maximizaci\xc3\xb3n6. El enfoque de gesti\xc3\xb3n en la producci\xc3\xb3n: el punto de equilibrio y las restricciones a la producci\xc3\xb3n7. Programaci\xc3\xb3n lineal en la empresa: resoluci\xc3\xb3n por el m\xc3\xa9todo gr\xc3\xa1fico8. Programaci\xc3\xb3n lineal en la empresa: resoluci\xc3\xb3n por el m\xc3\xa9todoSimplexCap\xc3\xadtulo 3:\xc3\x81REA FUNCIONAL DE INVERSI\xc3\x93N Y FINANCIACI\xc3\x93N1. Concepto de inversi\xc3\xb3n, instrumentos financieros b\xc3\xa1sicos y criterios de selecci\xc3\xb3n de inversiones VAN y TIR2. Desarrollo de los criterios VAN y TIR en funci\xc3\xb3n de los diferentes flujos de caja3. Amortizaci\xc3\xb3n de la inversi\xc3\xb3n y hip\xc3\xb3tesis de reinversi\xc3\xb3n de los flujos de caja4. Decisiones de aceptaci\xc3\xb3n-rechazo y de jerarqu\xc3\xada entre inversiones5. Las fuentesde financiaci\xc3\xb3n en la empresa y su coste de capital6. Efecto de los impuestos en el costo de capital de la financiaci\xc3\xb3n y en el VAN7. Otras fuentes de financiaci\xc3\xb3n8. El coste medio de capital KmeCap\xc3\xadtulo 4:\xc3\x81REA FUNCIONAL DE COMERCIALIZACI\xc3\x93N1. Funci\xc3\xb3n comercial en la empresa2. Herramientas de la funci\xc3\xb3n comercial3. El producto como instrumento de pol\xc3\xadtica comercial4. Precios y publicidad como instrumentos de pol\xc3\xadtica comercial'",,https://guies.uab.cat/guies_docents/public/portal/html/2019/titulacio/2503758/assignatura/104344/es,"b'Bibliograf\xc3\xadaBibliograf\xc3\xada b\xc3\xa1sicaGonz\xc3\xa1lez, J.L. (2010). \xe2\x80\x9cEmpresa: marco conceptual y t\xc3\xa9cnicas de gesti\xc3\xb3n por \xc3\xa1reas funcionales\xe2\x80\x9d.Materials 218. UAB. Departament d\xe2\x80\x99Empresa: \xe2\x80\x9cBloques de ejercicios\xe2\x80\x9d. Campus Virtual.Bibliograf\xc3\xada complementariaAlegre, L.; Bern\xc3\xa9, C. y Galve, C. (2000). \xe2\x80\x9cFundamentos de econom\xc3\xada de la empresa: perspectiva funcional\xe2\x80\x9d. Ariel econom\xc3\xada. Barcelona.Blair, R.D. y Kenny, L.W. (1990). ""Microeconom\xc3\xada con aplicaciones a la empresa"". McGraw-Hill: Madrid.Brealey, R.A.; Myers, S.C. y Marcus, A.J. (1996). ""Principios de direcci\xc3\xb3n financiera"". McGraw-Hill/Interamericana de Espa\xc3\xb1a: Madrid.Bueno, E. (2002). \xe2\x80\x9cEconom\xc3\xada de la empresa: An\xc3\xa1lisis de las Decisiones Empresariales\xe2\x80\x9d. Pir\xc3\xa1mide: Madrid.Bueno, E. (1993). ""Curso b\xc3\xa1sico de econom\xc3\xada de la empresa. Un enfoque de organizaci\xc3\xb3n"". Pir\xc3\xa1mide: Madrid.Cruz, I. (1990). \xe2\x80\x9cFundamentos de Marketing\xe2\x80\x9d. Ariel: Barcelona.Mart\xc3\xadn, M. (1993). \xe2\x80\x9cM\xc3\xa9todos operativos de gesti\xc3\xb3n empresarial\xe2\x80\x9d. Pir\xc3\xa1mide: Madrid.Serra, A. (1986). ""Sistema econ\xc3\xb3mico y empresa\xe2\x80\x9d.\xc2\xa0 Ariel Econom\xc3\xada: Barcelona.Su\xc3\xa1rez, A.S. (1988). ""Decisiones \xc3\xb3ptimas de inversi\xc3\xb3n y financiaci\xc3\xb3n en la empresa"". Pir\xc3\xa1mide: Madrid.Su\xc3\xa1rez, A.S. (1994). ""Curso de econom\xc3\xada de la empresa"". Pir\xc3\xa1mide: Madrid.Thompson, A.A. (1989). \xe2\x80\x9cEconomics of the firm\xe2\x80\x9d. Prentice Hall: Englewood Cliffs. New Jersey.'"
104338,2502441,Programación Avanzada,Formación Básica,6,2,1,Catalán,"b'ContenidoRepaso de estructuras b\xc3\xa1sicas programaci\xc3\xb3nConceptos de orientaci\xc3\xb3n a objeto: clases y objetos, encapsulamiento de datos, abstracci\xc3\xb3n, herencia, composici\xc3\xb3nPrincipios generales de dise\xc3\xb1o orientado a objetoPatrones de dise\xc3\xb1oEstilo de codificaci\xc3\xb3n. Control y detecci\xc3\xb3n de errores. Pruebas'",,https://guies.uab.cat/guies_docents/public/portal/html/2019/titulacio/2503758/assignatura/104338/es,"b""Bibliograf\xc3\xadaPython: master the art of design patterns. D. Phillips, C. Giridhar, S. Kasampalis. Packt Publishing, 2016.Mastering object-oriented Python. Steven F. Lott. Packt publishing, 2014.Head first object oriented analysis and design. B.D. McLaughlin, G. Pollice, D. West. O'Reilly, 2007.Design patterns explained simply. Alexander Shvets. https://sourcemaking.com/design-patterns-ebook.Head first design patterns. E. Freeman, E. Freeman, K. Sierra, B. Bates. O'Reilly, 2004.Clean code: a handbook of agile software craftmanship. R.C. Martin. Prentice Hall, 2008. O la versi\xc3\xb3 en castell\xc3\xa0, C\xc3\xb3digo limpio, d'AnayaMultimedia 2012."""
104353,2502441,Redes de Ordenadores e Internet,Formación Básica,6,2,1,"Inglés, Catalán","b'ContenidoTema 1. Introducci\xc3\xb3nRedes de ordenadores y red de redesFamilias de protocolos TCP/IPTipolog\xc3\xadas y tecnologias b\xc3\xa1sicas de redesTema 2. Protocolos de interconnexi\xc3\xb3n de redesPrincipios de la interconnexi\xc3\xb3n de redesDireccionamientoResoluci\xc3\xb3n de direcciones localesProtocolo IPEncaminamento b\xc3\xa1sicoProtocolo ICMPTema 3. Protocolos de extremo a extremoPrincipios de las comunicaciones de extremo a extremoProtocolo de datagramas de usuario UDPProtocolo de flujo fiable de bytes TCPTema 4. Protocolos de aplicaci\xc3\xb3nPrincipios de las aplicaciones TCP/IPAcceso de las aplicaciones a los servicios inferiores. Interfaz socket de BerkeleySistema de nombres de dominio DNSProtocolo de configuraci\xc3\xb3n DHCPTema 5. Protocolos avanzados de interconnexi\xc3\xb3n de redesArquitectura de la red InternetSistemas Aut\xc3\xb3nomos i Puntos NeutrosProtocolos de encaminamento en Sistemas Aut\xc3\xb3nomos\xc2\xa0(RIP, OSPF)Protocolos de encaminamento entre Sistemas Aut\xc3\xb3nomos (BGP)'",,https://guies.uab.cat/guies_docents/public/portal/html/2019/titulacio/2503758/assignatura/104353/es,"b'Bibliograf\xc3\xadaBibliograf\xc3\xada b\xc3\xa1sica:D.E. Comer (2005). Internetworking with TCP/IP, 5th Edition. Prentice Hall.Bibliograf\xc3\xada complementaria:G. Tomsho (2011). Guide to Networking Essentials, 6th Edition. Cengage.W. R. Stevens (1993). TCP/IP Illustrated, Volume I. Addison-Wesley.A.S. Tanenbaum (2002). Computer Networks, 4th Edition. Prentice Hall.W. Stallings (2004). Comunicaciones y redes de computadores, 7a Edici\xc3\xb3n. Pearson Prentice Hall.N. Barcia, C. Fern\xc3\xa1ndez, S. Frutos, G. L\xc3\xb3pez, L. Mengual, F.J. Soriano, F.J. Y\xc3\xa1g\xc3\xbcez (2005). Redes de computadores y arquitecturas de comunicaciones. Supuestos pr\xc3\xa1cticos. Pearson Prentice Hall.Enlaces web:cv.uab.cathttp://www.cs.purdue.edu/homes/dec/netbooks.html'"
104349,2502441,"Grafos, Topología y Geometría Discreta",Obligatoria,6,2,1,,"b'ContenidoParte IConceptos previos: conjuntos, funciones, y complejidad de algoritmosConjuntos y operaciones con conjuntosProducto cartesiano y relaciones binariasCombinatoriaConjuntos finitos, infinitos y numberablesComplejidad de algoritmos y problemasComplejidad de funciones. Complejidad polinomial y no polinomial.Fundamentos de grafosDefiniciones y variantesCaminos, circuitos y distanciasGrado y lema del saludoSubrafos y tipos importantes de grafoSecuencias gr\xc3\xa1ficas (Havel-Hakimi)Representaci\xc3\xb3n de grafosCaminos, recorridos y \xc3\xa1rboles generadores \xc3\xb3ptimosExploraci\xc3\xb3n de grafos (b\xc3\xbasquedas en profundidad y en anchura)Caminos de coste m\xc3\xadnimo (Dijkstra, Floyd)Caracterizaci\xc3\xb3n de \xc3\xa1rboles\xc3\x81rboles generadores \xc3\xb3ptimos (Kruskal)Planaridad y coloraci\xc3\xb3nResultados b\xc3\xa1sicosCaracterizaci\xc3\xb3n de grafos planosColoraci\xc3\xb3n de grafos planosParte IITopolog\xc3\xadaEspacio topol\xc3\xb3gico y propiedades b\xc3\xa1sicasIsomorfismosSimplex, redes y grafos como codificadores de topolog\xc3\xadas discretasGeometr\xc3\xada\xc2\xa0 de curvas y superficiesCurvas param\xc3\xa9tricasPar\xc3\xa1metros angulares, parametrizaci\xc3\xb3n impl\xc3\xadcita y curvas de nivelDescriptores b\xc3\xa1sicos de curvas en el espacio: Triedro de Frenet, torsi\xc3\xb3n y curvaturaGeometr\xc3\xada de superficiesSuperficies param\xc3\xa9tricasEspacio tangentePrimera y segunda formas fundamentalesDifeomorfismosGeod\xc3\xa9sicas y caminos de coste m\xc3\xadnimo'",,https://guies.uab.cat/guies_docents/public/portal/html/2019/titulacio/2503758/assignatura/104349/es,"b'Bibliograf\xc3\xadaJ.M. Basart. Grafs: fonaments i algorismes. Manuals de la UAB, 13. Servei de publicacions de la UAB, 1994.C. Berge. Graphs. North-Holland, 1991.N.L. Biggs. Matem\xc3\xa0tica discreta. Vicens-Vives, 1994.N. Christofides. Graph theory, an algorithmic approach. Academic Press, 1975.J. Gimbert, R. Moreno, J.M. Rib\xc3\xb3, M. Valls. Apropament a la teoria de grafs i als seus algorismes. Eines 23, edicions de la UdL, 1998.F.S. Roberts. Applied combinatorics. Prentice-Hall, 1984.M. P. do Carmo. Geometr\xc3\xada diferencial de curvas y superficies. Alianza Editorial, 1995.J. R. Munkres, Topolog\xc3\xada, Prentice-Hall, 2a edici\xc3\xb3n, 2002.M. Spivak. C\xc3\xa1lculo en variedades. Editorial Revert\xc3\xa9, 2a edici\xc3\xb3n, 1970.W. A. Sutherland, Introduction to metric and topological spaces, 2nd edition, Oxford University Press, 2009.'"
104348,2502441,Descripciones Probabilísticas y Estadísticas,Formación Básica,6,1,2,Catalán,"b'ContenidoTema 1. Estad\xc3\xadstica descriptiva.Estad\xc3\xadstica descriptiva.Estudio descriptivo de una variable: categ\xc3\xb3rica (diagrama de sectores) y cuantitativa(media, desviaci\xc3\xb3n, diagrama de barras e histograma). Estudio descriptivo de dos variables: categ\xc3\xb3ricas(tablas de contingencia) y cuantitativas (recta de regresi\xc3\xb3n, coeficiente de correlaci\xc3\xb3n). Herramientas desoftware para el an\xc3\xa1lisis estad\xc3\xadstico.Tema 2. Probabilidad.Noci\xc3\xb3n de probabilidad. Probabilidad condicionada e independencia de eventos. Distribuciones estad\xc3\xadsticas.Ejemplos de aplicaci\xc3\xb3n en la ingenier\xc3\xada. Variables aleatorias. Esperanza y varianza de una variable aleatoria.Ejemplos: binomial y normal. Aproximaci\xc3\xb3n de la binomialpor la normal. Independencia de variablesaleatorias. Conceptos b\xc3\xa1sicos de procesos estoc\xc3\xa1sticos, distribuciones de Poisson y exponencial.Tema 3. Inferencia estad\xc3\xadstica.Muestra y poblaci\xc3\xb3n. Estad\xc3\xadsticos m\xc3\xa1s frecuentes. Intervalos de confianza: para la media y para la varianza deuna poblaci\xc3\xb3n normal y por la proporci\xc3\xb3n. Concepto de test de hip\xc3\xb3tesis. Informaci\xc3\xb3n m\xc3\xbatua de variables aleatorias. An\xc3\xa1lisis de componentes principales.'",,https://guies.uab.cat/guies_docents/public/portal/html/2019/titulacio/2503758/assignatura/104348/es,"b'Bibliograf\xc3\xadaArnold O. Allen, Probability, Statistics, and Queueing Theory with Computer Science Applications,Academic Press, Inc. 1990Jay L. Devore. Probabilidad y estad\xc3\xadstica para ingenier\xc3\xada y ciencias. Thomson. 2005Rosa Millones, Emma Barreno, F\xc3\xa9lix V\xc3\xa1squez y Carlos Castillo, Estad\xc3\xadstica aplicada a la ingenier\xc3\xada ylos negocios. fondo Editorial, Universidad de Lima. 2015.Douglas C. Montgomery y George C. Runger, Probabilidad y estad\xc3\xadstica aplicadas a la ingenier\xc3\xada.Limusa Wiley. 2002Ronald E. Walpole, Raymond H. Myers y Sharon L. Myers. Probabilidad y estad\xc3\xadstica para ingenieros.Prentice Hall. 1999'"
104363,2502441,Análisis de Grafos y Búsqueda de Información,Obligatoria,6,1,2,Catalán,"b'ContenidoTema 1. Introducci\xc3\xb3n.Definiciones, conceptos, representaciones.Tema 2. M\xc3\xa9tricas en grafos.Algoritmos de centralidad y prestigio (Degree centrality, Closeness centrality, betweenness centrality).Tema 3. B\xc3\xbasqueda y recorridos.Graph traversal (Breadth First Search, Depth First Search), Shortest Path, A*, Minimum Spanning Tree, Random Walk.Tema 4. Buscar en internet.Ranking y relevancia para modelos web. Algoritmo PageRank. Crawling.Tema 5. Generaci\xc3\xb3n de grafos.Grafos aleatorios. S\xc3\xadntesis de grafos.Tema 6. Algoritmos para detecci\xc3\xb3n de comunidades y nodos influyentes.Graph clustering. Subgrupos comunes. Reputaci\xc3\xb3n.Tema 7. Propagaci\xc3\xb3n de etiquetas y difusi\xc3\xb3n en grafos.Belief propagation. Message passing.Tema 8. Reconocimiento basado en grafos.Matching, kernels y embeddings.Tema 9. Grafos din\xc3\xa1micos.Tema 10. Caso pr\xc3\xa1ctico: grafos y redes sociales.'",,https://guies.uab.cat/guies_docents/public/portal/html/2019/titulacio/2503758/assignatura/104363/es,"b'Bibliograf\xc3\xadaLos contenidos de la asignatura explicados en clase se extraen de diferentes fuentes. Muchos materiales son en l\xc3\xadnea, extra\xc3\xaddos de materiales multimedia, v\xc3\xaddeos, etc. Durante el curso, se proporcionar\xc3\xa1n los materiales de confecci\xc3\xb3n propia necesarios para el seguimiento de la asignatura a trav\xc3\xa9s del campus virtual. Tambi\xc3\xa9n se proporcionar\xc3\xa1n enlaces a documentaci\xc3\xb3n en l\xc3\xadnea, software para los ejercicios pr\xc3\xa1cticos, etc. En formato libre.'"
104351,2502441,Bases de Datos No Relacionales,Obligatoria,6,2,2,Catalán,"b""Contenido1. BD orientadas a objetos y no relacionales.Conceptos b\xc3\xa1sicos de orientaci\xc3\xb3n a objetos.Identidad y estructura de un objeto.Encapsulamiento de operaciones, m\xc3\xa9todos y persistencia.Introducci\xc3\xb3n a las bases de datos No-SQL: definici\xc3\xb3n, caracter\xc3\xadsticas y tipos.2. MongoDB:Conceptos b\xc3\xa1sicos.Caracter\xc3\xadsticas.Introducci\xc3\xb3n a JSON de MongoDB.Operaciones: insertar, importar, exportar, find, update, delete, agregaciones.Implementaci\xc3\xb3n en java.3. Dise\xc3\xb1o f\xc3\xadsico y refino de BD:MongoDB: WiredTiger.Almacenamiento de datos.Indexaci\xc3\xb3n.Hashing.4. BD distribuidas:Conceptos b\xc3\xa1sicos.T\xc3\xa9cnicas de fragmentaci\xc3\xb3n, replicaci\xc3\xb3n i'assignaci\xc3\xb3 de datos.Tipos de sistemas de BD distribuidas.DDB en\xc2\xa0MongoDB.5. Otros NoSQL:Cassandra.Bigtable.AllegroGraph.""",,https://guies.uab.cat/guies_docents/public/portal/html/2019/titulacio/2503758/assignatura/104351/es,"b""Bibliograf\xc3\xadaMATERIAL DE LA ASIGNATURA:http://caronte.uab.cat,asignaturaBases dedadesnorelacionales.BIBLIOGRAFIA B\xc3\x81SICA:NoSQLDistilled: ABriefGuidetotheEmergingWorldofPolyglotPersistence.PramodJ.Sadalage, MartinFowler. Addison-wesley, 2013.MongoDB:TheDefinitiveGuide. KristinaChodorow.O'Really, 2013."""
104350,2502441,Bases de Datos Relacionales,Obligatoria,6,1,2,Catalán,"b'ContenidoBLOQUE 1. PARADIGMAS DE BASES DE DATOS1. Introducci\xc3\xb3n. Conceptos b\xc3\xa1sicos (2 horas)Introducci\xc3\xb3n y definicionesComponentes de un sistema de Base de DatosEvoluci\xc3\xb3n hist\xc3\xb3ricaVentajas e inconvenientes de un sistema de Base de Datos2. Arquitectura de Bases de Datos Relacionales (2 horas)Arquitectura ANSI-SPARCEl DBA y EL SGBDArquitecturaback-end / front-endBLOC 2. MODELO RELACIONAL3. Modelo Relacional: Estructura de Datos y Reglas de Integritat (2 horas)Estructura de DatosReglas de Integridad4. Model Relacional: Manipulaci\xc3\xb3n de Datos (6 hores)\xc3\x81lgebra RelacionalC\xc3\xa1lculo RelacionalOperadores de CoddOperadores adicionalesBLOQUE 3. DISE\xc3\x91O DE BASES DE DATOS5. Dise\xc3\xb1o Conceptual (8 horas)Fases de dise\xc3\xb1o de una BDCaptaci\xc3\xb3n y an\xc3\xa1lisis de requerimientosDiagrama E/RE/R ExtendidoCriterios de dise\xc3\xb1o de un esquema E/R6. Dise\xc3\xb1o L\xc3\xb3gico (2 horeas)Paso a Tablas (Modelo Relacional)7. Normalizaci\xc3\xb3n (2 horas)Teor\xc3\xada de la Normalizaci\xc3\xb3nFormas Normales: 1NF, 2NF, 3NFForma Normal de Boyce-Codd (BCNF)BLOQUE 4. NIVEL F\xc3\x8dSICO8. Dise\xc3\xb1o F\xc3\xadsico (2 horas)Acceso a la Base de Datos f\xc3\xadsica. FicherosEstructuras de almacenamientoIndexaci\xc3\xb3nHashing (dispersi\xc3\xb3n)T\xc3\xa9cnicas de compresi\xc3\xb3n'",,https://guies.uab.cat/guies_docents/public/portal/html/2019/titulacio/2503758/assignatura/104350/es,"b""Bibliograf\xc3\xadaMATERIAL DE LA ASIGNATURA:http://caronte.uab.cat,asignatura Bases de Dades Relacionals, cursoDoc\xc3\xa8ncia BDR curs 2019-20.BIBLIOGRAFIA B\xc3\x81SICA:A. Silberschatz, H.F. Korth, S. Sudarshan, Fundamentos de Bases de Datos, 5a edici\xc3\xb3n, McGraw-Hill, 2006.C.J. Date, Introducci\xc3\xb3n a los sistemas de Bases de Datos, Vol.1, 7a edici\xc3\xb3n, Prentice Hall, 2001.BIBLIOGRAFIA COMPLEMENTARIA:M. Celma, J.C. Casamayor, L. Mota, Bases de Datos Relacionales, Pearson-Prentice Hall, 2003.D.M. Kroenke, Procesamiento de Bases de Datos, 8\xc2\xaa edici\xc3\xb3n, Pearson-Prentice Hall, 2003.A. de Miguel, M. Piattini, Dise\xc3\xb1o y uso de Bases de Datos Relacionales, Ra-Ma, 1997.ENLACES WEB:\xc2\xb7\xc2\xa0\xc2\xa0\xc2\xa0\xc2\xa0\xc2\xa0\xc2\xa0\xc2\xa0\xc2\xa0 https://oai.oracle.com/ , Web d'Oracle Iniciativa Acad\xc3\xa8mica (OAI) amb molta informaci\xc3\xb3 d'inter\xc3\xa8s relativa a les facilitats que proporciona la Iniciativa Acad\xc3\xa8mica als alumnes de la UAB.\xc2\xb7\xc2\xa0\xc2\xa0\xc2\xa0\xc2\xa0\xc2\xa0\xc2\xa0\xc2\xa0\xc2\xa0 http://ilearning.oracle.com/ilearn/en/learner/jsp/login.jsp, Web amb cursos lliures i de pagament d'Oracle per web. S'hi poden trobar cursos en format RealPlayer que expliquen un tema en profunditat.\xc2\xb7\xc2\xa0\xc2\xa0\xc2\xa0\xc2\xa0\xc2\xa0\xc2\xa0\xc2\xa0\xc2\xa0 http://www.acm.org/sigmod Special Interest Group in Management of Data. Grup de l'ACM (Association of Computer Machinery) que realitza activitats sobre Base de Dades, organitza congressos i edita revistes sobre el tema.BASES DE DATOS RELACIONALES MULTIUSUARIO:\xc2\xb7\xc2\xa0\xc2\xa0\xc2\xa0\xc2\xa0\xc2\xa0\xc2\xa0\xc2\xa0\xc2\xa0 http://www.oracle.com/ , Oracle\xc2\xae\xc2\xb7\xc2\xa0\xc2\xa0\xc2\xa0\xc2\xa0\xc2\xa0\xc2\xa0\xc2\xa0\xc2\xa0 http://www.mysql.com/, MySQL\xc2\xae\xc2\xb7\xc2\xa0\xc2\xa0\xc2\xa0\xc2\xa0\xc2\xa0\xc2\xa0\xc2\xa0\xc2\xa0 http://www.postgressql.org, PostgreSQL\xc2\xae\xc2\xb7\xc2\xa0\xc2\xa0\xc2\xa0\xc2\xa0\xc2\xa0\xc2\xa0\xc2\xa0\xc2\xa0 http://www.sybase.com/home , Sybase\xc2\xae\xc2\xb7\xc2\xa0\xc2\xa0\xc2\xa0\xc2\xa0\xc2\xa0\xc2\xa0\xc2\xa0\xc2\xa0 http://www.microsoft.com/sql/default.asp, Microsoft SQL Server\xc2\xae\xc2\xb7\xc2\xa0\xc2\xa0\xc2\xa0\xc2\xa0\xc2\xa0\xc2\xa0\xc2\xa0\xc2\xa0 http://www-4.ibm.com/software/data/db2/, IBM DB2\xc2\xae\xc2\xb7\xc2\xa0\xc2\xa0\xc2\xa0\xc2\xa0\xc2\xa0\xc2\xa0\xc2\xa0\xc2\xa0 http://www-01.ibm.com/software/data/informix/, IBM Informix\xc2\xae"""
104359,2502441,Diseño de Algoritmos,Obligatoria,6,2,2,Español,"b'ContenidoEl temario de la asignatura ser\xc3\xa1:Tema 1. Repaso de conceptos b\xc3\xa1sicos (Pre-condiciones, post-condiciones, invariantes y recursividad)Tema 2. Algoritmos de b\xc3\xbasqueda. Taxonom\xc3\xada y estrategias.Tema 3. Backtracking.Tema 4. Branch & Bound.Tema 5. Programaci\xc3\xb3n din\xc3\xa1mica.Tema 6. Greedy.Tema 7. Algoritmos estoc\xc3\xa1sticosTema 8. An\xc3\xa1lisis de algoritmos.'",,https://guies.uab.cat/guies_docents/public/portal/html/2019/titulacio/2503758/assignatura/104359/es,"b'Bibliograf\xc3\xadaFundamentos de Algor\xc3\xadtmia, G Brassard P. Bratley. Prentice Hall.T\xc3\xa9cnicas de Dise\xc3\xb1o de Algoritmos, Rosa Guerequeta y Antonio Vallecillo.T\xc3\xa9cnicas de dise\xc3\xb1o de algoritmos, F. Perales, M. Mascar\xc3\xb3. Universitat de les Illes BalearsKarumanchi, Narasimha. ""Algorithm Design Techniques: Recursion, Backtracking, Greedy, Divide and Conquer, and Dynamic Programming."" (2018).Chun, Wesley. Core python programming. Vol. 1. Prentice Hall Professional, 2001.'"
104347,2502441,Estructuras de Datos,Obligatoria,6,1,2,Catalán,"b'Contenido0. Introducci\xc3\xb3nObjetivos y presentaci\xc3\xb3n de la asignatura.\xc2\xa0Repaso de Programaci\xc3\xb3n avanzada.1. Estructuras de datoslinieals.Listas, colas, pilas.Representaci\xc3\xb3n y manipulaci\xc3\xb3n de estructuras de datos din\xc3\xa1micas:\xc2\xa0repaso de\xc2\xa0listas,\xc2\xa0introducci\xc3\xb3n a las\xc2\xa0pilas y colas.2. Estructuras de datos no lineales.hashT\xc3\xa9cnicas de ""Hashing"".\xc2\xa0Listas\xc2\xa0hash.\xc2\xa0Funciones\xc2\xa0hash.\xc2\xa0Como se implementan en\xc2\xa0python.\xc2\xa0Diccionarios.3. Recursividad yAlgoritmos de ordenaci\xc3\xb3nIntroducci\xc3\xb3n a los algoritmos recursivos.\xc2\xa0M\xc3\xa9todo de la burbuja,\xc2\xa0QuickSort,\xc2\xa0mergesort.\xc2\xa0Recursividad.\xc2\xa0C\xc3\xa1lculo complejidad.4.Estructuras de datos no lineales.grafosRepresentaciones y recorridos.\xc2\xa0BFS, DFS, Resoluci\xc3\xb3n de problemas con grafos.5.Estructuras de datos no lineales.\xc3\x81rboles.Definici\xc3\xb3n y representaci\xc3\xb3n de un \xc3\xa1rbol.\xc2\xa0Recorridos de \xc3\xa1rboles\xc2\xa0es.\xc2\xa0Binary\xc2\xa0Heaps.'",,https://guies.uab.cat/guies_docents/public/portal/html/2019/titulacio/2503758/assignatura/104347/es,"b'Bibliograf\xc3\xadaProblem solving with algorithms and data Structures using Python. Bradley N. Miller and David L. Ranum. Franklin, Beedle and associates, 2005.Python Programming: an introduction to computer science. John Zelle. Franklin,Beedle and associates, 2004.Data Structures and Algorithms in python. Michael T. Googrich, Roberto Tamassia, Michael H. Goldwasser. Ed. Wiley. 2013.'"
104341,2502441,Ingeniería del Rendimiento,Obligatoria,6,1,2,,"b'Contenido1. Evaluaci\xc3\xb3n del Rendimiento: herramientas para monitorizar e instrumentar la ejecuci\xc3\xb3n de un programa.2. An\xc3\xa1lisis del Rendimiento: complejidad computacional, factores determinados por la arquitectura del procesador y m\xc3\xa9tricas de rendimiento.3. Paralelismo en la ejecuci\xc3\xb3n de Instrucciones: Pipeline y Vectorizaci\xc3\xb3n.4. An\xc3\xa1lisis de Dependencias de datos en los lazos de ejecuci\xc3\xb3n.5. Jerarqu\xc3\xada de Memoria y Localidad de acceso a los datos: efecto en el rendimiento.6. Estrategias algor\xc3\xadtmicas de optimizaci\xc3\xb3n: aumentar el paralelismo y la localidad de acceso a los datos.'",,https://guies.uab.cat/guies_docents/public/portal/html/2019/titulacio/2503758/assignatura/104341/es,"b""Bibliograf\xc3\xadaComputer Architecture: A Quantitative Approach.\xc2\xa0 6th EditionJohn Hennessy and David Patterson, Morgan Kaufmann (Elsevier) 2018 (Cap. 1-3)Computer Systems: A Programmer's Perspective. 3rdEdition (Nort-American)Randall E. Bryant and David R. O'Hallaron, Addison Wesley, 2015 (Cap. 5 i 6)Computer Organization and Design RISC-V Edition: The Hardware/Software Interface.David Patterson and John Hennessy, Morgan Kauffman (Elsevier), 2017 (Cap. 4 i 5)"""
104346,2502441,"Procesamiento de Señal, Imagen y Video",Obligatoria,6,2,2,Español,"b'Contenido1.\xc2\xa0 Introducci\xc3\xb3n al tratamiento de la se\xc3\xb1al, imagen y v\xc3\xaddeo2.\xc2\xa0 Formaci\xc3\xb3n de la imagen3.\xc2\xa0 Procesamiento de im\xc3\xa1genes4.\xc2\xa0 Filtrado lineal (espacial)5.\xc2\xa0 Filtrado frecuencial6.\xc2\xa0 Filtrado no lineal7.\xc2\xa0 Transformaciones geom\xc3\xa9tricas8.\xc2\xa0 Segmentaci\xc3\xb3n9.\xc2\xa0 Caracter\xc3\xadsticas10. Clasificaci\xc3\xb3n11. Movimiento12. Aplicaciones13. Deep Learning'",,https://guies.uab.cat/guies_docents/public/portal/html/2019/titulacio/2503758/assignatura/104346/es,"b""Bibliograf\xc3\xadaRafael C. Gonzalez and Richard E. Woods, Digital Image Processing (3rd Edition), Prentice Hall 2007.Simon J.D. Prince, Computer Vision: Models, Learning, and Inference, Cambridge University Press, 2012.(http://www.computervisionmodels.com/)David A. Forsyth and Jean Ponce, Computer Vision: A Modern Approach (2nd Edition), Prentice Hall 2011.Richard Szeliski, Computer Vision: Algorithms and Applications, Springer (Texts in computer Science) 2011. (http://szeliski.org/Book/)Ian Goodfellow and Yoshua Bengio and Aaron Courville, Deep Learning, MIT Press, 2016. (http://www.deeplearningbook.org)Aur\xc3\xa9lien G\xc3\xa9ron, Hands-On Machine Learning with Scikit-Learn & TensorFlow, O'Reilly, 2017.Joan Serrat, Llibre d'apunts de Processament d'imatges, 2006. (libro)Cursos similares y complementarios onlineCurso online (MOOC Coursera): Image and video processing: From Mars to Hollywood with a stop at the hospital. (https://www.coursera.org/course/images)Curso online (MOOC Coursera): Detecci\xc3\xb3n de objetos (UAB). (https://www.coursera.org/learn/deteccion-objetos)Curso online (MOOC Coursera): Fundamentos del Procesamiento de V\xc3\xaddeo e Imagen Digital. (https://www.coursera.org/course/digital)Curso online (MOOC Coursera): Clasificaci\xc3\xb3n de im\xc3\xa1genes: \xc2\xbfc\xc3\xb3mo reconocer el contenido de una imagen? (UAB). (https://www.coursera.org/learn/clasificacion-imagenes)Curso online (MOOC Edx ): Introducci\xc3\xb3n a la visi\xc3\xb3n por computador: desarrollo de aplicaciones con OpenCV. (https://www.edx.org/course/introduccion-la-vision-por-computador-uc3mx-isa-1x)Curso online (MOOC Udacity ): Computational Photography.(https://eu.udacity.com/course/computational-photography--ud955)Curso online (MOOC Coursera): Machine Learning. (https://es.coursera.org/learn/machine-learning)"""
104356,2502441,Programación Paralela,Obligatoria,6,2,2,Catalán,"b'ContenidoTema 1: Introducci\xc3\xb3n a sistemas de altas prestaciones.Introducci\xc3\xb3n a los sistemas de altas prestaciones, sistemas paralelos, multiprocesadores y multicomputadores. Ejecuci\xc3\xb3n de aplicaciones paralelas en sistemas de altas prestaciones.Tema 2: Clasificaci\xc3\xb3n de paralelismoSIMD (Single Instruction, Multiple Data), MIMD (Multiple Instruction, Multiple Data). Modelos de aplicaciones paralelas.Tema 3: Algoritmos paralelosDefinici\xc3\xb3n de algoritmos paralelos. Ejemplos de algoritmos paralelos. Desarrollo de algoritmos paralelos.Tema 4: Programaci\xc3\xb3n paralelaParadigmas de programaci\xc3\xb3n paralela. Aplicaciones basadas en paso de mensajes. Est\xc3\xa1ndar MPI (Message Passing Interface). Aplicaciones basadas en memoria compartida. Est\xc3\xa1ndares OpenMP (Open multiprocessing) y OpenACC (Open Accelerators). Paralelismo en Python. Desarrollo de aplicaciones paralelas utilizando MPI, OpenMP, OpenACC y Python.Tema 5: An\xc3\xa1lisis de prestacionesAn\xc3\xa1lisis de prestaciones de sistemas paralelos. Evaluaci\xc3\xb3n de prestaciones de sistemas paralelos. Ejemplos de herramientas de evaluaci\xc3\xb3n de prestaciones.'",,https://guies.uab.cat/guies_docents/public/portal/html/2019/titulacio/2503758/assignatura/104356/es,"b'Bibliograf\xc3\xadaParallel Programming Concepts and\xc2\xa0Practice. Bertil Schmidt, Jorge Gonz\xc3\xa1lez-Dom\xc3\xadnguez, Christian\xc2\xa0Hundt,\xc2\xa0Moritz Schlarb. Morgan\xc2\xa0Kaufmann, 2018An Introduction to Parallel Programming, 2nd edition. Peter S. Pacheco. Morgan Kaufmann. 2018Programming Massively Parallel Processors, A Hands-on Approach. David B. Kirk, Wen-mei W. Hwu. Morgan Kaufmann. 3th Edition. 2018Computer Architecture. A quantitative approach. John L. Hennessy, David A. Patterson. Morgan Kaufmann. 6a edici\xc3\xb3n. 2018Introduction to Parallel Computing. A. Grama et alter. Addison Wesley, Second Edition, 2003.Parallel Program Development For Cluster Computing: Methodology, Tools and Integrated\xc2\xa0 Environments. Edited by J. C. Cunha, P. Kacsuk, S. C. Winter. Nova Science Publishers, Inc., 2001.Parallel Programming with MPI, Peter Pacheco, Morgan Kauffman, 1996OpenACC Programming and Best Practices Guide (https://www.openacc.org/sites/default/files/inline-files/OpenACC_Programming_Guide_0.pdf)'"
104354,2502441,Teoría de la Información y de la Codificación,Obligatoria,6,2,2,Catalán,b'Contenido1.- Conceptos b\xc3\xa1sicos. Fuentes discretas sin memoria.1.1.- Los problemas de la comunicaci\xc3\xb3n.1.2.- Medida de la informaci\xc3\xb3n.1.3.- Modelo de Shannon de fuente discreta sin memoria.1.4.- Funci\xc3\xb3n entrop\xc3\xada.1.5.- Informaci\xc3\xb3n mutua.1.6.- Canales discretos sin memoria. Capacidad.2.- Codificaci\xc3\xb3n de la fuentee.2.1.- Introducci\xc3\xb3n y objectivos.2.2.- C\xc3\xb3digos de longitud constante.2.3.- C\xc3\xb3digos de longitud variable. Decodificaci\xc3\xb3n \xc3\xbanica.2.4.- Cotas de Shannon.2.5.- Construcci\xc3\xb3n de c\xc3\xb3digos \xc3\xb3ptimos.3.- Compresi\xc3\xb3n de datos.3.1.- Tipos de compresi\xc3\xb3n. Medidas de compresi\xc3\xb3n.3.2.- T\xc3\xa9cnicas de compresi\xc3\xb3n.3.3.- M\xc3\xa9todos estad\xc3\xadsticos.3.4.- T\xc3\xa9cnicas de diccionario.3.5.- Compresi\xc3\xb3n de sonido y de im\xc3\xa1genes.4.- Canales discretos sin memoria.4.1.- Modelos de canales.4.2.- C\xc3\xa1lculo de la capacidad de un canal.4.3.- Reglas de decodificaci\xc3\xb3n.4.4.- El teorema fundamental.5.- Teor\xc3\xada de la codificaci\xc3\xb3n I: c\xc3\xb3digos lineales.5.1.- C\xc3\xb3digos bloque. Decodificaci\xc3\xb3n a m\xc3\xadnima distancia.5.2.- Introducci\xc3\xb3n a los cuerpos finitos.5.3.- C\xc3\xb3digos lineales. Matrices generadoras.5.4.- C\xc3\xb3digos equivalentes. Codificaci\xc3\xb3n sistem\xc3\xa1tica.5.5.- C\xc3\xb3digos duales. Matrices de control.5.6.- Decodificaci\xc3\xb3n. Tabla est\xc3\xa1ndard y s\xc3\xadndrome.5.7.- Algunas familias de c\xc3\xb3digos lineales importantes.5.8.- Aplicaci\xc3\xb3n al almacenamiento distribuido.6.- Teor\xc3\xada de la codificaci\xc3\xb3n II: c\xc3\xb3digos c\xc3\xadclicos.6.1.- C\xc3\xb3digos c\xc3\xadclicos como ideales de anillos de polinomios.6.2.- Polinomios generadores y de control.6.3.- Codificaci\xc3\xb3n sistem\xc3\xa1tica con c\xc3\xb3digos c\xc3\xadclicos.',,https://guies.uab.cat/guies_docents/public/portal/html/2019/titulacio/2503758/assignatura/104354/es,"b'Bibliograf\xc3\xada*L. Huguet i J. Rif\xc3\xa0. Comunicaci\xc3\xb3n Digital. Ed. Masson, 1991.*D. Salomon: Data compression - The Complete Reference, 4th Edition. Springer 2007.*R.B. Ash. Information Theory. John Wiley and Sons Inc, 1965.*G. Alvarez. Teor\xc3\xada matem\xc3\xa1tica de la informaci\xc3\xb3n. Ediciones ICE, 1981.*T.C. Bell, J.G. Cleary i I.H. Witten. Text Compression. Prentice Hall, 1990.*F.J. MacWilliams and N.J.A. Sloane. The theory of error-correcting codes. North-Holland, Amsterdam, 1977.'"
