url,name,university,university_url,modality,price,location,credits,years
https://www.gradomania.com/grado-en-ingenieria-de-sistemas-online-240279_q08.html,Grado en Ingeniería de Sistemas,Estudios Oficiales - Universidad Internacional de Valencia (VIU),https://www.gradomania.com/estudios-oficiales-universidad-internacional-de-valencia-viu-2692_q04.html,Online,4.200 €/año,,240,4.0
https://www.gradomania.com/grado-en-ingenieria-informatica-castellon-castello-83388_q08.html,Título Oficial de Grado en Ingeniería Informática,Escuela Superior de Tecnología y Ciencias Experimentales - Universitat Jaume I de Castellón,https://www.gradomania.com/escuela-superior-de-tecnologia-y-ciencias-experimentales-universitat-jaume-i-de-castellon-2695_q04.html,Presencial,Consultar rellenando el formulario,,240,4.0
https://www.gradomania.com/grado-en-ingenieria-informatica-online-257728_q08.html,Grado en Ingeniería Informática,Escuela de Ingeniería - UNIR - Universidad Internacional de la Rioja,https://www.gradomania.com/escuela-de-ingenieria-unir-universidad-internacional-de-la-rioja-5003_q04.html,Online,€105 / ECTS,,240,4.0
https://www.gradomania.com/grado-en-ingenieria-informatica-online-190059_q08.html,Graduado o Graduada en Ingeniería Informática,Facultad de Ciencias y Tecnología - Universidad Isabel I,https://www.gradomania.com/facultad-de-ciencias-y-tecnologia-universidad-isabel-i-3236_q04.html,Online,"Descuentos especiales de hasta un 40% dto, Becas y Convalidaciones de Créditos",,240,4.0
https://www.gradomania.com/grado-en-ingenieria-informatica-desde-fp-murcia-288140_q08.html,Grado en Ingeniería Informática. Título oficial reconocido por la ANECA,Escuela Universitaria Politécnica - Universidad Católica San Antonio de Murcia - UCAM,https://www.gradomania.com/escuela-universitaria-politecnica-universidad-catolica-san-antonio-de-murcia-ucam-5232_q04.html,Presencial,4200 € / curso,,0,0.0
https://www.gradomania.com/grado-en-ingenieria-informatica-madrid-285037_q08.html,"Grado en Ingeniería Informática
* Titulación pendiente de verificación por Fundación Madri+d.",Escuela Politécnica Superior y Escuela de Arquitectura - Universidad Nebrija,https://www.gradomania.com/escuela-politecnica-superior-y-escuela-de-arquitectura-universidad-nebrija-3581_q04.html,Presencial,Información no disponible,,240,4.0
https://www.gradomania.com/grado-en-ingenieria-informatica-distancia-65869_q08.html,Título Oficial de Grado en Ingeniería Informática.,UDIMA Estudios Oficiales - Universidad a Distancia de Madrid - UDIMA,https://www.gradomania.com/udima-estudios-oficiales-universidad-distancia-de-madrid-udima-2051_q04.html,Distancia,Precio crédito = 77 €,,240,4.0
https://www.gradomania.com/doble-titulacion-ingenieria-informatica-ingenieria-multimedia-barcelona-224736_q08.html,Grado Universitario de La Salle - Universidad Ramon Llull,La Salle - Ramón Llull - La Salle Campus Barcelona – Universidad Ramon Llull,https://www.gradomania.com/la-salle-ramon-llull-la-salle-campus-barcelona-universidad-ramon-llull-3139_q04.html,Presencial,Consultar rellenando el formulario,,329,5.483333333333333
https://www.gradomania.com/doble-grado-en-ingenieria-informatica-diseno-y-desarrollo-de-videojuegos-zaragoza-304738_q08.html,Doble Grado en Ingeniería Informática + Diseño y Desarrollo de Videojuegos,Escuela de Arquitectura y Tecnología - Universidad San Jorge - USJ,https://www.gradomania.com/escuela-de-arquitectura-y-tecnologia-universidad-san-jorge-usj-2847_q04.html,Presencial,Consultar rellenando el formulario,,333,5.55
https://www.gradomania.com/doble-titulacion-del-grado-en-ingenieria-informatica-grado-en-direccion-de-empresas-tecnologicas-barcelona-268800_q08.html,Grado Universitario de La Salle - Universidad Ramon LLull,La Salle - Ramón Llull - La Salle Campus Barcelona – Universidad Ramon Llull,https://www.gradomania.com/la-salle-ramon-llull-la-salle-campus-barcelona-universidad-ramon-llull-3139_q04.html,Presencial,Consultar rellenando el formulario,,391,6.516666666666667
https://www.gradomania.com/grado-internacional-en-ingenieria-informatica-barcelona-224731_q08.html,Grado Universitario de La Salle - Universidad Ramon Llull,La Salle - Ramón Llull - La Salle Campus Barcelona – Universidad Ramon Llull,https://www.gradomania.com/la-salle-ramon-llull-la-salle-campus-barcelona-universidad-ramon-llull-3139_q04.html,Presencial,Consultar rellenando el formulario,,240,4.0
https://www.gradomania.com/doble-grado-en-administracion-y-direccion-de-empresas-tecnologicas-informatica-salamanca-300750_q08.html,Doble Grado en Administración y Dirección de Empresas Tecnológicas + Informática,Facultad de Informática - Universidad Pontificia de Salamanca - UPSA,https://www.gradomania.com/facultad-de-informatica-universidad-pontificia-de-salamanca-upsa-3050_q04.html,Presencial,Consultar rellenando el formulario,,342,5.7
https://www.gradomania.com/grado-oficial-internacional-en-business-intelligence-madrid-y-reino-unido-madrid-301675_q08.html,Grado Oficial Internacional en Business Intelligence,MSMK University - MSMK - Madrid School of Marketing,https://www.gradomania.com/msmk-university-msmk-madrid-school-marketing-5629_q04.html,Presencial,Consultar rellenando el formulario,,240,4.0
https://www.gradomania.com/grado-en-ingenieria-informatica-salamanca-95242_q08.html,,Facultad de Informática - Universidad Pontificia de Salamanca - UPSA,https://www.gradomania.com/facultad-de-informatica-universidad-pontificia-de-salamanca-upsa-3050_q04.html,Presencial,Consultar rellenando el formulario,,240,4.0
https://www.gradomania.com/grado-en-bioinformatica-zaragoza-304719_q08.html,Grado en Bioinformática,Facultad de Ciencias de la Salud - Universidad San Jorge - USJ,https://www.gradomania.com/facultad-de-ciencias-de-la-salud-universidad-san-jorge-usj-2398_q04.html,Semipresencial,Consultar rellenando el formulario,,180,3.0
https://www.gradomania.com/grado-oficial-internacional-en-big-data-analytics-madrid-y-reino-unido-madrid-301674_q08.html,Grado Oficial Internacional en Big Data Analytics,MSMK University - MSMK - Madrid School of Marketing,https://www.gradomania.com/msmk-university-msmk-madrid-school-marketing-5629_q04.html,Presencial,Consultar rellenando el formulario,,240,4.0
https://www.gradomania.com/grado-oficial-internacional-en-ciberseguridad-madrid-y-reino-unido-madrid-301676_q08.html,Grado Oficial Internacional en Ciberseguridad,MSMK University - MSMK - Madrid School of Marketing,https://www.gradomania.com/msmk-university-msmk-madrid-school-marketing-5629_q04.html,Presencial,Consultar rellenando el formulario,,240,4.0
https://www.gradomania.com/grado-en-administracion-y-direccion-de-empresas-tecnologicas-salamanca-281283_q08.html,Grado en Administración y Dirección de Empresas Tecnológicas,Facultad de Informática - Universidad Pontificia de Salamanca - UPSA,https://www.gradomania.com/facultad-de-informatica-universidad-pontificia-de-salamanca-upsa-3050_q04.html,Presencial,Consultar rellenando el formulario,,240,4.0
https://www.gradomania.com/grado-en-ingenieria-informatica-zaragoza-210472_q08.html,Título Oficial de Grado en Ingeniería Informática,Escuela de Arquitectura y Tecnología - Universidad San Jorge - USJ,https://www.gradomania.com/escuela-de-arquitectura-y-tecnologia-universidad-san-jorge-usj-2847_q04.html,Presencial,Consultar rellenando el formulario,,240,4.0
https://www.gradomania.com/grado-en-ingenieria-en-organizacion-de-las-tic-barcelona-224726_q08.html,Grado Universitario de La Salle - Universidad Ramon Llull,La Salle - Ramón Llull - La Salle Campus Barcelona – Universidad Ramon Llull,https://www.gradomania.com/la-salle-ramon-llull-la-salle-campus-barcelona-universidad-ramon-llull-3139_q04.html,Presencial,Consultar rellenando el formulario,,240,4.0
https://www.gradomania.com/doble-titulacion-ingenieria-telematica-grado-en-ingenieria-informatica-barcelona-224738_q08.html,Grado Universitario de La Salle - Universidad Ramon Llull,La Salle - Ramón Llull - La Salle Campus Barcelona – Universidad Ramon Llull,https://www.gradomania.com/la-salle-ramon-llull-la-salle-campus-barcelona-universidad-ramon-llull-3139_q04.html,Presencial,Consultar rellenando el formulario,,308,5.133333333333334
https://www.gradomania.com/bachelor-forensic-computing-and-security-grado-en-informatica-forense-y-seguridad-reino-unido-229972_q08.html,Forensic Computing and Security BSc (Hons),Faculty of Science and Technology - Bournemouth University,https://www.gradomania.com/faculty-science-and-technology-bournemouth-university-4507_q04.html,Presencial,"UK/EU/Channel Islands: £9,250International (non-EU): £13,500Unlimited number of Scholarships available for next academic yearPlease fill out the enquiry form for more information about the Scholarships",,240,4.0
https://www.gradomania.com/bachelor-computer-networks-grado-en-redes-informaticas-reino-unido-229973_q08.html,Computer Networks BSc (Hons),Faculty of Science and Technology - Bournemouth University,https://www.gradomania.com/faculty-science-and-technology-bournemouth-university-4507_q04.html,Presencial,"UK/EU/Channel Islands: £9,250International (non-EU): £13,500Unlimited number of Scholarships available for next academic yearPlease fill out the enquiry form for more information about the Scholarships",,240,4.0
https://www.gradomania.com/bachelor-data-science-and-analytics-grado-en-analisis-de-datos-reino-unido-308375_q08.html,BSc (Hons) Data Science and Analytics,Faculty of Science and Technology - Bournemouth University,https://www.gradomania.com/faculty-science-and-technology-bournemouth-university-4507_q04.html,Presencial,"UK/EU/Channel Islands: £9,250International (non-EU): £13,500Unlimited number of Scholarships available for next academic yearPlease fill out the enquiry form for more information about the Scholarships",,180,3.0
https://www.gradomania.com/bachelor-computer-network-security-grado-en-seguridad-de-redes-reino-unido-194223_q08.html,Computer Network Security BSc Honours,Faculty of Science and Technology - University of Westminster,https://www.gradomania.com/faculty-science-and-technology-university-westminster-3364_q04.html,Presencial,Consultar rellenando el formulario,,180,3.0
https://www.gradomania.com/bachelor-computer-networks-and-communications-grado-en-redes-y-comunicaciones-reino-unido-194224_q08.html,Computer Networks and Communications BSc Honours,Faculty of Science and Technology - University of Westminster,https://www.gradomania.com/faculty-science-and-technology-university-westminster-3364_q04.html,Presencial,Consultar rellenando el formulario,,180,3.0
https://www.gradomania.com/bachelor-computer-systems-engineering-grado-en-ingenieria-de-sistemas-informaticos-reino-unido-194225_q08.html,Computer Systems Engineering BSc/BEng Honours,Faculty of Science and Technology - University of Westminster,https://www.gradomania.com/faculty-science-and-technology-university-westminster-3364_q04.html,Presencial,Consultar rellenando el formulario,,240,4.0
https://www.gradomania.com/bachelor-computer-systems-engineering-grado-en-ingenieria-de-sistemas-informaticos-reino-unido-194226_q08.html,Computer Systems Engineering BSc Honours,Faculty of Science and Technology - University of Westminster,https://www.gradomania.com/faculty-science-and-technology-university-westminster-3364_q04.html,Presencial,Consultar rellenando el formulario,,180,3.0
https://www.gradomania.com/bachelor-computer-systems-and-robotics-foundation-grado-en-sistemas-informaticos-y-roboticos-reino-unido-194227_q08.html,Computer Systems and Robotics with Foundation BEng Honours,Faculty of Science and Technology - University of Westminster,https://www.gradomania.com/faculty-science-and-technology-university-westminster-3364_q04.html,Presencial,Consultar rellenando el formulario,,240,4.0
https://www.gradomania.com/grado-en-diseno-y-desarrollo-de-videojuegos-zaragoza-203412_q08.html,Título Oficial de Grado en Diseño y Desarrollo de Videojuegos,Escuela de Arquitectura y Tecnología - Universidad San Jorge - USJ,https://www.gradomania.com/escuela-de-arquitectura-y-tecnologia-universidad-san-jorge-usj-2847_q04.html,Presencial,Consultar rellenando el formulario,,240,4.0
https://www.gradomania.com/grado-en-digital-business-madrid-316404_q08.html,Grado en Digital Business,ESIC Business & Marketing School - ESIC Business & Marketing School,https://www.gradomania.com/esic-business-marketing-school-esic-business-marketing-school-741_q04.html,Presencial,Consultar rellenando el formulario,,240,4.0
https://www.gradomania.com/grado-en-ingenieria-informatica-barcelona-287673_q08.html,Grado Universitario de La Salle - Universidad Ramon LLull,La Salle - Ramón Llull - La Salle Campus Barcelona – Universidad Ramon Llull,https://www.gradomania.com/la-salle-ramon-llull-la-salle-campus-barcelona-universidad-ramon-llull-3139_q04.html,Presencial,Consultar rellenando el formulario,,240,4.0
https://www.gradomania.com/grau-en-enginyeria-informatica-barcelona-287674_q08.html,Grau Universitari Oficial de La Salle-Universitat Ramon Llull,La Salle - Ramón Llull - La Salle Campus Barcelona – Universidad Ramon Llull,https://www.gradomania.com/la-salle-ramon-llull-la-salle-campus-barcelona-universidad-ramon-llull-3139_q04.html,Presencial,Consultar rellenando el formulario,,240,4.0
https://www.gradomania.com/bachelor-cyber-security-management-grado-en-direccion-de-seguridad-informatica-reino-unido-288372_q08.html,BSc (Hons) Cyber Security Management,Faculty of Science and Technology - Bournemouth University,https://www.gradomania.com/faculty-science-and-technology-bournemouth-university-4507_q04.html,Presencial,"UK/EU/Channel Islands: £9,250International (non-EU): £13,500Unlimited number of Scholarships available for next academic yearPlease fill out the enquiry form for more information about the Scholarships",,240,4.0
https://www.gradomania.com/grau-en-enginyeria-en-organitzacio-de-les-tic-barcelona-258899_q08.html,Grau Universitari Oficial de La Salle-Universitat Ramon Llull,La Salle - Ramón Llull - La Salle Campus Barcelona – Universidad Ramon Llull,https://www.gradomania.com/la-salle-ramon-llull-la-salle-campus-barcelona-universidad-ramon-llull-3139_q04.html,Presencial,Consultar rellenando el formulario,,240,4.0
https://www.gradomania.com/grau-internacional-en-enginyeria-informatica-barcelona-258904_q08.html,Grau Universitari Oficial de La Salle-Universitat Ramon Llull,La Salle - Ramón Llull - La Salle Campus Barcelona – Universidad Ramon Llull,https://www.gradomania.com/la-salle-ramon-llull-la-salle-campus-barcelona-universidad-ramon-llull-3139_q04.html,Presencial,Consultar rellenando el formulario,,240,4.0
https://www.gradomania.com/official-bachelor-degree-computing-digital-technology-madrid-y-reino-unido-madrid-301683_q08.html,Official Bachelor Degree in Computing & Digital Technology,MSMK University - MSMK - Madrid School of Marketing,https://www.gradomania.com/msmk-university-msmk-madrid-school-marketing-5629_q04.html,Presencial,Consultar rellenando el formulario,,240,4.0
https://www.gradomania.com/doble-titulacio-enginyeria-informatica-enginyeria-multimedia-barcelona-258910_q08.html,Grau Universitari Oficial de La Salle-Universitat Ramon Llull,La Salle - Ramón Llull - La Salle Campus Barcelona – Universidad Ramon Llull,https://www.gradomania.com/la-salle-ramon-llull-la-salle-campus-barcelona-universidad-ramon-llull-3139_q04.html,Presencial,Consultar rellenando el formulario,,329,5.483333333333333
https://www.gradomania.com/doble-titulacio-enginyeria-telematica-grau-en-enginyeria-informatica-barcelona-258912_q08.html,Grau Universitari Oficial de La Salle-Universitat Ramon Llull,La Salle - Ramón Llull - La Salle Campus Barcelona – Universidad Ramon Llull,https://www.gradomania.com/la-salle-ramon-llull-la-salle-campus-barcelona-universidad-ramon-llull-3139_q04.html,Presencial,Consultar rellenando el formulario,,308,5.133333333333334
https://www.gradomania.com/bachelor-information-technology-computer-and-communication-networks-grado-en-tecnologias-de-la-informacion-canada-301366_q08.html,Bachelor of Information Technology (Computer and Communication Networks),School of Engineering Technology and Applied Science - Centennial College - Toronto,https://www.gradomania.com/school-engineering-technology-and-applied-science-centennial-college-toronto-5091_q04.html,Presencial,Consultar rellenando el formulario,,240,4.0
https://www.gradomania.com/grado-oficial-internacional-en-computing-digital-technology-madrid-y-reino-unido-madrid-301677_q08.html,Grado Oficial Internacional en Computing & Digital Technology,MSMK University - MSMK - Madrid School of Marketing,https://www.gradomania.com/msmk-university-msmk-madrid-school-marketing-5629_q04.html,Presencial,Consultar rellenando el formulario,,240,4.0
https://www.gradomania.com/grado-oficial-internacional-en-computing-madrid-y-reino-unido-madrid-301678_q08.html,Grado Oficial Internacional en Computing,MSMK University - MSMK - Madrid School of Marketing,https://www.gradomania.com/msmk-university-msmk-madrid-school-marketing-5629_q04.html,Presencial,Consultar rellenando el formulario,,240,4.0
https://www.gradomania.com/doble-titulacio-de-grau-en-enginyeria-informatica-grau-en-direccio-dempreses-tecnologiques-barcelona-268801_q08.html,Grau Universitari Oficial de La Salle - Universitat Ramon Llull,La Salle - Ramón Llull - La Salle Campus Barcelona – Universidad Ramon Llull,https://www.gradomania.com/la-salle-ramon-llull-la-salle-campus-barcelona-universidad-ramon-llull-3139_q04.html,Presencial,Consultar rellenando el formulario,,391,6.516666666666667
https://www.gradomania.com/official-bachelor-degree-data-science-madrid-301679_q08.html,Official Bachelor Degree in Data Science,MSMK University - MSMK - Madrid School of Marketing,https://www.gradomania.com/msmk-university-msmk-madrid-school-marketing-5629_q04.html,Presencial,Consultar rellenando el formulario,,0,0.0
https://www.gradomania.com/grado-oficial-internacional-en-inteligencia-artificial-madrid-y-reino-unido-madrid-301680_q08.html,Grado Oficial Internacional en Inteligencia Artificial,MSMK University - MSMK - Madrid School of Marketing,https://www.gradomania.com/msmk-university-msmk-madrid-school-marketing-5629_q04.html,Presencial,Consultar rellenando el formulario,,240,4.0
https://www.gradomania.com/grado-oficial-internacional-en-intelligent-systems-madrid-y-reino-unido-madrid-301681_q08.html,Grado Oficial Internacional en Intelligent Systems,MSMK University - MSMK - Madrid School of Marketing,https://www.gradomania.com/msmk-university-msmk-madrid-school-marketing-5629_q04.html,Presencial,Consultar rellenando el formulario,,240,4.0
https://www.gradomania.com/grado-oficial-internacional-en-robotica-madrid-y-reino-unido-madrid-301682_q08.html,Grado Oficial Internacional en Robótica,MSMK University - MSMK - Madrid School of Marketing,https://www.gradomania.com/msmk-university-msmk-madrid-school-marketing-5629_q04.html,Presencial,Consultar rellenando el formulario,,240,4.0
https://www.gradomania.com/double-degree-qualification-international-computer-engineering-and-business-management-and-technology-barcelona-285864_q08.html,Double Degree Qualification in International Computer and Management of Business and Technology,La Salle - Ramón Llull - La Salle Campus Barcelona – Universidad Ramon Llull,https://www.gradomania.com/la-salle-ramon-llull-la-salle-campus-barcelona-universidad-ramon-llull-3139_q04.html,Presencial,Consultar rellenando el formulario,,0,0.0
https://www.gradomania.com/grado-en-administracion-y-direccion-de-empresas-master-en-data-science-madrid-311563_q08.html,Grado en Administración y Dirección de Empresas + Máster en Data Science,CUNEF - CUNEF - Colegio Universitario de Estudios Financieros,https://www.gradomania.com/cunef-cunef-colegio-universitario-de-estudios-financieros-2723_q04.html,Presencial,Consultar rellenando el formulario,,300,5.0
https://www.gradomania.com/grado-en-ingenieria-informatica-lleida-90842_q08.html,Título Oficial de Grado en Ingeniería Informática,Escuela Politécnica Superior - Universitat de Lleida,https://www.gradomania.com/escuela-politecnica-superior-universitat-de-lleida-1683_q04.html,Presencial,Información no disponible,,240,4.0
https://www.gradomania.com/grado-de-ingenieria-informatica-online-300205_q08.html,Grado de Ingeniería Informática,Estudios Oficiales UOC - Universitat Oberta de Catalunya UOC,https://www.gradomania.com/estudios-oficiales-uoc-universitat-oberta-de-catalunya-uoc-2693_q04.html,Online,Información no disponible,,240,4.0
https://www.gradomania.com/grado-en-informatica-y-servicios-barcelona-64744_q08.html,Grado de Informática y Servicios,Facultad de Informatica Tomas Cerda - Escola Universitària d`Informática Tomàs Cerdà,https://www.gradomania.com/facultad-de-informatica-tomas-cerda-escola-universitaria-dinformatica-tomas-cerda-1870_q04.html,Presencial,3.978 €,,240,4.0
https://www.gradomania.com/grado-de-ingenieria-informatica-tarragona-83752_q08.html,Título Oficial de Grado de Ingeniería Informática.,Escola Tècnica Superior d’Enginyeria - Universitat Rovira i Virgili - URV,https://www.gradomania.com/escola-tecnica-superior-denginyeria-universitat-rovira-i-virgili-urv-1790_q04.html,Presencial,Información no disponible,,240,4.0
https://www.gradomania.com/grado-en-ingenieria-de-sistemas-audiovisuales-ingenieria-multimedia-barcelona-204316_q08.html,Título Oficial de Grado en Ingeniería de Sistemas Audiovisuales + Ingeniería Multimedia,Escola Tècnica Superior (ETS) d´Enginyeria Electrònica i Informàtica (EEI) La Salle - Universidad Ramón Llull,https://www.gradomania.com/escola-tecnica-superior-ets-denginyeria-electronica-i-informatica-eei-la-salle-universidad-ramon-llull-1603_q04.html,Presencial,Información no disponible,,318,5.3
https://www.gradomania.com/grado-en-ingenieria-informatica-ingenieria-multimedia-barcelona-204319_q08.html,Título Oficial de Grado en Ingeniería Informática + Ingeniería Multimedia,Escola Tècnica Superior (ETS) d´Enginyeria Electrònica i Informàtica (EEI) La Salle - Universidad Ramón Llull,https://www.gradomania.com/escola-tecnica-superior-ets-denginyeria-electronica-i-informatica-eei-la-salle-universidad-ramon-llull-1603_q04.html,Presencial,Información no disponible,,329,5.483333333333333
https://www.gradomania.com/doble-grado-en-ingenieria-informatica-y-en-matematicas-madrid-80136_q08.html,Título Oficial de Doble Grado en Ingeniería Informática y en Matemáticas.,Escuela Politécnica Superior - Universidad Autónoma de Madrid - UAM,https://www.gradomania.com/escuela-politecnica-superior-universidad-autonoma-de-madrid-uam-2059_q04.html,Presencial,Información no disponible,,360,6.0
https://www.gradomania.com/grado-en-ingenieria-informatica-huelva-84088_q08.html,Título Oficial de Grado en Ingeniería Informática.,Escuela Politécnica Superior - Universidad de Huelva,https://www.gradomania.com/escuela-politecnica-superior-universidad-de-huelva-2285_q04.html,Presencial,Información no disponible,,240,4.0
https://www.gradomania.com/grado-en-matematicas-e-informatica-madrid-80188_q08.html,Titulo Oficial de Grado en Matemáticas e Informática.,Escuela Técnica Superior de Ingenieros Informaticos - UPM - Universidad Politécnica de Madrid,https://www.gradomania.com/escuela-tecnica-superior-de-ingenieros-informaticos-upm-universidad-politecnica-de-madrid-2556_q04.html,Presencial,Información no disponible,,240,4.0
https://www.gradomania.com/grado-en-ingenieria-informatica-murcia-84422_q08.html,Grado en Ingeniería Informática,Escuela Universitaria Politécnica - Universidad Católica San Antonio de Murcia - UCAM,https://www.gradomania.com/escuela-universitaria-politecnica-universidad-catolica-san-antonio-de-murcia-ucam-5232_q04.html,Presencial,4200 €/curso,,240,4.0
https://www.gradomania.com/grado-de-nuevas-tecnologias-interactivas-barcelona-214968_q08.html,Título Oficial de Grado en Nuevas Tecnologías Interactivas,Facultad de Nuevas Tecnologias Interactivas - Escola de Noves Tecnologies Interactives (ENTI),https://www.gradomania.com/facultad-de-nuevas-tecnologias-interactivas-escola-de-noves-tecnologies-interactives-enti-3954_q04.html,Presencial,Información no disponible,,288,4.8
https://www.gradomania.com/grado-en-ingenieria-informatica-gipuzkoa-90633_q08.html,Título Oficial de Grado en Ingeniería Informática.,Facultad de Informática Donostia-San Sebastián - Universidad del País Vasco - Euskal Herriko Unibertsitatea,https://www.gradomania.com/facultad-de-informatica-donostia-san-sebastian-universidad-del-pais-vasco-euskal-herriko-unibertsitatea-2495_q04.html,Presencial,Información no disponible,,240,4.0
https://www.gradomania.com/grado-en-ingenieria-informatica-tecnologias-informaticas-sevilla-82653_q08.html,Título Oficial de Grado en Ingeniería Informática - Tecnologías Informáticas.,Escuela Técnica Superior de Ingeniería Informática - Universidad de Sevilla,https://www.gradomania.com/escuela-tecnica-superior-de-ingenieria-informatica-universidad-de-sevilla-2401_q04.html,Presencial,Información no disponible,,240,4.0
https://www.gradomania.com/grado-de-nuevas-tecnologias-interactivas-barcelona-214968_q08.html,Título Oficial de Grado en Nuevas Tecnologías Interactivas,Facultad de Nuevas Tecnologias Interactivas - Escola de Noves Tecnologies Interactives (ENTI),https://www.gradomania.com/facultad-de-nuevas-tecnologias-interactivas-escola-de-noves-tecnologies-interactives-enti-3954_q04.html,Presencial,Información no disponible,,288,4.8
https://www.gradomania.com/doble-grado-ingenieria-informatica-direccion-y-creacion-de-empresas-madrid-64808_q08.html,Doble Grado: Ingeniería Informática + Dirección y Creación de Empresas,Escuela Politécnica - Universidad Europea de Madrid,https://www.gradomania.com/escuela-politecnica-universidad-europea-de-madrid-1824_q04.html,Presencial,Información no disponible,,0,0.0
https://www.gradomania.com/grado-en-ingenieria-en-informatica-alicante-alacant-90726_q08.html,Título Oficial de Grado en Ingeniería en Informática.,E.Politécnica Superior - Universidad de Alicante,https://www.gradomania.com/epolitecnica-superior-universidad-de-alicante-2109_q04.html,Presencial,Información no disponible,,240,4.0
https://www.gradomania.com/grado-en-ingenieria-informatica-cordoba-82776_q08.html,Título Oficial de Grado en Ingeniería Informática.,Escuela Politécnica Superior - Universidad de Córdoba,https://www.gradomania.com/escuela-politecnica-superior-universidad-de-cordoba-2233_q04.html,Presencial,Información no disponible,,240,4.0
https://www.gradomania.com/grado-en-ingenieria-informatica-madrid-64823_q08.html,Graduado o graduada en Ingeniería Informática,Escuela Politécnica - Universidad Europea de Madrid,https://www.gradomania.com/escuela-politecnica-universidad-europea-de-madrid-1824_q04.html,Presencial,Información no disponible,,240,4.0
https://www.gradomania.com/grado-en-ingenieria-informatica-jaen-82861_q08.html,Título Oficial de Grado en Ingeniería Informática.,Escuela Politécnica Superior - Jaén - Universidad de Jaén,https://www.gradomania.com/escuela-politecnica-superior-jaen-universidad-de-jaen-2297_q04.html,Presencial,Información no disponible,,240,4.0
https://www.gradomania.com/grado-en-ingenieria-informatica-leon-82932_q08.html,Título Oficial de Grado en Ingeniería Informática.,Escuela de Ingenierías Industrial e Informática - Universidad de León,https://www.gradomania.com/escuela-de-ingenierias-industrial-e-informatica-universidad-de-leon-2335_q04.html,Presencial,Información no disponible,,240,4.0
https://www.gradomania.com/grado-en-ingenieria-informatica-valencia-valencia-239029_q08.html,Graduado o graduada en Ingeniería Informática,Escuela de Arquitectura y Politécnica - Universidad Europea de Valencia,https://www.gradomania.com/escuela-de-arquitectura-y-politecnica-universidad-europea-de-valencia-3448_q04.html,Presencial,Información no disponible,,0,0.0
https://www.gradomania.com/grado-en-ingenieria-informatica-coruna-91060_q08.html,Título Oficial de Grado en Ingeniería Informática.,Facultade de Informática - Universidade da Coruña,https://www.gradomania.com/facultade-de-informatica-universidade-da-coruna-1566_q04.html,Presencial,Información no disponible,,240,4.0
https://www.gradomania.com/grado-en-ingenieria-informatica-navarra-nafarroa-83026_q08.html,Título Oficial de Grado en Ingeniería Informática.,Escuela Técnica Superior de Ingenieros Industriales y de Telecomunicación - Universidad Pública de Navarra,https://www.gradomania.com/escuela-tecnica-superior-de-ingenieros-industriales-y-de-telecomunicacion-universidad-publica-de-navarra-2596_q04.html,Presencial,Información no disponible,,240,4.0
https://www.gradomania.com/grado-en-ingenieria-en-informatica-barcelona-64975_q08.html,Título Oficial de Grado en Ingeniería en Informática.,Escola Superior Politècnica - Universitat Pompeu Fabra,https://www.gradomania.com/escola-superior-politecnica-universitat-pompeu-fabra-1663_q04.html,Presencial,Información no disponible,,240,4.0
https://www.gradomania.com/grado-en-ingenieria-informatica-girona-91141_q08.html,Título Oficial de Grado en Ingeniería Informática.,Escola Politècnica Superior - Universitat de Girona,https://www.gradomania.com/escola-politecnica-superior-universitat-de-girona-1636_q04.html,Presencial,Información no disponible,,240,4.0
https://www.gradomania.com/grado-en-ingenieria-informatica-santa-cruz-de-tenerife-83069_q08.html,Título Oficial de Grado en Ingeniería Informática.,Escuela Técnica Superior de Ingeniería Informática - Universidad de La Laguna,https://www.gradomania.com/escuela-tecnica-superior-de-ingenieria-informatica-universidad-de-la-laguna-1589_q04.html,Presencial,Información no disponible,,240,4.0
https://www.gradomania.com/grado-en-ingenieria-informatica-barcelona-65084_q08.html,Título Oficial de Grado en Ingeniería Informática,Escola Tècnica Superior (ETS) d´Enginyeria Electrònica i Informàtica (EEI) La Salle - Universidad Ramón Llull,https://www.gradomania.com/escola-tecnica-superior-ets-denginyeria-electronica-i-informatica-eei-la-salle-universidad-ramon-llull-1603_q04.html,Presencial,Información no disponible,,240,4.0
https://www.gradomania.com/grado-en-ingenieria-informatica-del-software-asturias-91339_q08.html,Título Oficial de Grado en Ingeniería Informática del Software.,Escuela Universitaria de Ingeniería Técnica Informática - Universidad de Oviedo,https://www.gradomania.com/escuela-universitaria-de-ingenieria-tecnica-informatica-universidad-de-oviedo-2386_q04.html,Presencial,Información no disponible,,240,4.0
https://www.gradomania.com/grado-en-ingenieria-informatica-salamanca-83239_q08.html,Título Oficial de Grado en Ingeniería Informática.,Facultad de Ciencias - Universidad de Salamanca,https://www.gradomania.com/facultad-de-ciencias-universidad-de-salamanca-1745_q04.html,Presencial,Información no disponible,,240,4.0
https://www.gradomania.com/grado-de-ingenieria-informatica-mencion-de-tecnologias-de-la-informacion-grado-de-ingenieria-de-sistemas-de-telecomunica-228143_q08.html,Título Oficial de Grado de Ingeniería Informática (Mención de Tecnologías de la Información) + Grado de Ingeniería de Sistemas de Telecomunicación.,Escuela de Ingeniería - Universitat Autònoma de Barcelona - UAB,https://www.gradomania.com/escuela-de-ingenieria-universitat-autonoma-de-barcelona-uab-1507_q04.html,Presencial,Información no disponible,,0,0.0
https://www.gradomania.com/grado-en-ingenieria-en-organizacion-de-las-tic-barcelona-65085_q08.html,Título Oficial de Grado en ingeniería en organización de las TIC,Escola Tècnica Superior (ETS) d´Enginyeria Electrònica i Informàtica (EEI) La Salle - Universidad Ramón Llull,https://www.gradomania.com/escola-tecnica-superior-ets-denginyeria-electronica-i-informatica-eei-la-salle-universidad-ramon-llull-1603_q04.html,Presencial,Información no disponible,,240,4.0
https://www.gradomania.com/grado-en-ingenieria-informatica-en-tecnologias-de-la-informacion-asturias-91343_q08.html,Título Oficial de Grado en Ingeniería Informática en Tecnologías de la Información.,E.P.S. de Ingeniería de Gijón - Universidad de Oviedo,https://www.gradomania.com/eps-de-ingenieria-de-gijon-universidad-de-oviedo-2378_q04.html,Presencial,Información no disponible,,240,4.0
https://www.gradomania.com/doble-grado-en-ingenieria-informatica-y-administracion-y-direccion-de-empresas-las-palmas-93460_q08.html,Título Oficial de Doble Grado en Ingeniería Informática y Administración y Dirección de Empresas.,Escuela de Ingeniería Informática - Universidad de Las Palmas de Gran Canaria,https://www.gradomania.com/escuela-de-ingenieria-informatica-universidad-de-las-palmas-de-gran-canaria-2313_q04.html,Presencial,Información no disponible,,360,6.0
https://www.gradomania.com/grado-en-ingenieria-informatica-bizkaia-83309_q08.html,Título Oficial de Grado en Ingeniería Informática.,Facultad de Ingeniería - Universidad de Deusto,https://www.gradomania.com/facultad-de-ingenieria-universidad-de-deusto-2240_q04.html,Presencial,Información no disponible,,240,4.0
https://www.gradomania.com/doble-grado-en-ingenieria-informatica-administracion-de-empresas-madrid-229261_q08.html,Título Oficial de Doble Grado en Ingeniería Informática - Administración de empresas,Facultad de Ciencias Sociales y Jurídicas - Universidad Carlos III de Madrid - UC3M,https://www.gradomania.com/facultad-de-ciencias-sociales-y-juridicas-universidad-carlos-iii-de-madrid-uc3m-2845_q04.html,Presencial,Información no disponible,,390,6.5
https://www.gradomania.com/grado-en-ingenieria-informatica-valladolid-65834_q08.html,Título Oficial de Grado en Ingeniería Informática,Escuela Politécnica Superior - Universidad Europea Miguel de Cervantes,https://www.gradomania.com/escuela-politecnica-superior-universidad-europea-miguel-de-cervantes-2502_q04.html,Presencial,Información no disponible,,240,4.0
https://www.gradomania.com/grado-en-ingenieria-informatica-en-ingenieria-de-computadores-caceres-92791_q08.html,Título Oficial de Grado en Ingeniería Informática en Ingeniería de Computadores.,Escuela Politécnica - Universidad de Extremadura,https://www.gradomania.com/escuela-politecnica-universidad-de-extremadura-2252_q04.html,Presencial,Información no disponible,,240,4.0
https://www.gradomania.com/grado-en-ingenieria-informatica-de-servicios-y-aplicaciones-segovia-93485_q08.html,Título Oficial de Grado en Ingeniería Informática de Servicios y Aplicaciones.,Escuela Universitaria de Informática - Universidad de Valladolid,https://www.gradomania.com/escuela-universitaria-de-informatica-universidad-de-valladolid-2456_q04.html,Presencial,Información no disponible,,240,4.0
https://www.gradomania.com/doble-grado-en-administracion-y-direccion-de-empresas-e-ingenieria-informatica-gipuzkoa-83327_q08.html,Título Oficial de Doble Grado en Administración y Dirección de Empresas e Ingeniería Informática.,Facultad de Ciencias Económicas y Empresariales - ESTE - Universidad de Deusto,https://www.gradomania.com/facultad-de-ciencias-economicas-y-empresariales-este-universidad-de-deusto-2246_q04.html,Presencial,Información no disponible,,360,6.0
https://www.gradomania.com/grado-en-ingenieria-informatica-en-ingenieria-del-software-caceres-93001_q08.html,Título Oficial de Grado en Ingeniería Informática en Ingeniería del Software.,Escuela Politécnica - Universidad de Extremadura,https://www.gradomania.com/escuela-politecnica-universidad-de-extremadura-2252_q04.html,Presencial,Información no disponible,,240,4.0
https://www.gradomania.com/grado-en-ingenieria-informatica-valladolid-93507_q08.html,Título Oficial de Grado en Ingeniería Informática.,Escuela Técnica Superior de Ingeniería Informática - Universidad de Valladolid,https://www.gradomania.com/escuela-tecnica-superior-de-ingenieria-informatica-universidad-de-valladolid-2440_q04.html,Presencial,Información no disponible,,240,4.0
https://www.gradomania.com/grado-en-ingenieria-informatica-ciudad-real-84633_q08.html,Título Oficial de Grado en Ingeniería Informática.,Escuela Superior de Informática (Ciudad Real) - Universidad de Castilla La Mancha,https://www.gradomania.com/escuela-superior-de-informatica-ciudad-real-universidad-de-castilla-la-mancha-2203_q04.html,Presencial,Información no disponible,,240,4.0
https://www.gradomania.com/doble-grado-en-ingenieria-informatica-administracion-y-direccion-de-empresas-madrid-80552_q08.html,,E.T.S. de Ingeniería Informática (Móstoles) - Universidad Rey Juan Carlos,https://www.gradomania.com/ets-de-ingenieria-informatica-mostoles-universidad-rey-juan-carlos-1705_q04.html,Presencial,Información no disponible,,360,6.0
https://www.gradomania.com/grado-en-ingenieria-informatica-en-tecnologias-de-la-informacion-alicante-alacant-198860_q08.html,Título Oficial de Grado en Ingeniería Informática en Tecnologías de la Información.,Escuela Politécnica Superior de Elche - Universidad Miguel Hernández de Elche,https://www.gradomania.com/escuela-politecnica-superior-de-elche-universidad-miguel-hernandez-de-elche-2515_q04.html,Presencial,Información no disponible,,240,4.0
https://www.gradomania.com/grado-en-ingenieria-informatica-malaga-84658_q08.html,Título Oficial de Grado en Ingeniería Informática.,E.T.S.I. Informática - Universidad de Málaga,https://www.gradomania.com/etsi-informatica-universidad-de-malaga-2347_q04.html,Presencial,Información no disponible,,240,4.0
https://www.gradomania.com/doble-grado-en-ingenieria-informatica-administracion-y-direccion-de-empresas-madrid-92783_q08.html,,Facultad de Ciencias Jurídicas y Sociales (Vicálvaro) - Universidad Rey Juan Carlos,https://www.gradomania.com/facultad-de-ciencias-juridicas-y-sociales-vicalvaro-universidad-rey-juan-carlos-2832_q04.html,Presencial,Información no disponible,,360,6.0
https://www.gradomania.com/doble-titulacion-ingenieria-informatica-y-administracion-y-direccion-de-empresas-lleida-199765_q08.html,Título Oficial de Doble Grado: Ingeniería Informática y Administración y Dirección de Empresas,"Facultad de Derecho, Economía y Turismo - Universitat de Lleida",https://www.gradomania.com/facultad-de-derecho-economia-y-turismo-universitat-de-lleida-1680_q04.html,Presencial,Información no disponible,,372,6.2
https://www.gradomania.com/grado-en-ingenieria-informatica-almeria-84850_q08.html,Título Oficial de Grado en Ingeniería Informática.,Escuela Técnica Superior de Ingeniería - Universidad de Almería,https://www.gradomania.com/escuela-tecnica-superior-de-ingenieria-universidad-de-almeria-2142_q04.html,Presencial,Información no disponible,,240,4.0
https://www.gradomania.com/grado-en-ingenieria-informatica-online-267263_q08.html,Grado en Ingeniería Informática,Escuela Universitaria Politécnica - Universidad Católica San Antonio de Murcia - UCAM,https://www.gradomania.com/escuela-universitaria-politecnica-universidad-catolica-san-antonio-de-murcia-ucam-5232_q04.html,Online,4200 €/curso,,240,4.0
https://www.gradomania.com/doble-grado-ingenieria-informatica-matematicas-madrid-80553_q08.html,,E.T.S. de Ingeniería Informática (Móstoles) - Universidad Rey Juan Carlos,https://www.gradomania.com/ets-de-ingenieria-informatica-mostoles-universidad-rey-juan-carlos-1705_q04.html,Presencial,Información no disponible,,309,5.15
https://www.gradomania.com/doble-titulacion-ingenieria-informatica-y-administracion-y-direccion-de-empresas-lleida-223680_q08.html,Título Oficial de Doble Grado: Ingeniería Informática y Administración y Dirección de Empresas,Escuela Politécnica Superior - Universitat de Lleida,https://www.gradomania.com/escuela-politecnica-superior-universitat-de-lleida-1683_q04.html,Presencial,Información no disponible,,372,6.2
https://www.gradomania.com/grado-en-ingenieria-informatica-zaragoza-84986_q08.html,Título Oficial de Grado en Ingeniería Informática.,Escuela de Ingeniería y Arquitectura - Universidad de Zaragoza,https://www.gradomania.com/escuela-de-ingenieria-y-arquitectura-universidad-de-zaragoza-1837_q04.html,Presencial,Información no disponible,,240,4.0
https://www.gradomania.com/grado-en-ingenieria-informatica-madrid-80588_q08.html,Título Oficial de Grado en Ingeniería Informática.,Escuela Politécnica Superior - Universidad Alfonso X el Sabio,https://www.gradomania.com/escuela-politecnica-superior-universidad-alfonso-x-el-sabio-1496_q04.html,Presencial,Información no disponible,,240,4.0
https://www.gradomania.com/doble-grado-en-matematicas-e-ingenieria-informatica-murcia-201080_q08.html,Título Oficial de Doble Grado en Matemáticas e Ingeniería Informática.,Facultad de Informática - Universidad de Murcia,https://www.gradomania.com/facultad-de-informatica-universidad-de-murcia-1629_q04.html,Presencial,Información no disponible,,372,6.2
https://www.gradomania.com/doble-grado-en-ingenieria-informatica-administracion-de-empresas-madrid-64549_q08.html,Doble Grado en Ingeniería Informática - Administración de Empresas,Escuela Politécnica Superior - Universidad Carlos III de Madrid - UC3M,https://www.gradomania.com/escuela-politecnica-superior-universidad-carlos-iii-de-madrid-uc3m-2844_q04.html,Presencial,Información no disponible,,0,0.0
https://www.gradomania.com/grado-en-ingenieria-informatica-teruel-84987_q08.html,Título Oficial de Grado en Ingeniería Informática.,EU Politécnica de Teruel - Universidad de Zaragoza,https://www.gradomania.com/eu-politecnica-de-teruel-universidad-de-zaragoza-1795_q04.html,Presencial,Información no disponible,,240,4.0
https://www.gradomania.com/grado-en-ingenieria-informatica-madrid-82411_q08.html,Título Oficial de Grado en Ingeniería Informática,Facultad de Informática - Universidad Complutense de Madrid,https://www.gradomania.com/facultad-de-informatica-universidad-complutense-de-madrid-2090_q04.html,Presencial,Información no disponible,,240,4.0
https://www.gradomania.com/doble-grado-en-matematicas-e-ingenieria-informatica-murcia-201096_q08.html,Título Oficial de Doble Grado en Matemáticas e Ingeniería Informática.,Facultad de Matemáticas - Universidad de Murcia,https://www.gradomania.com/facultad-de-matematicas-universidad-de-murcia-1631_q04.html,Presencial,Información no disponible,,372,6.2
https://www.gradomania.com/grado-en-ingenieria-informatica-madrid-64555_q08.html,Título Oficial de Grado en Ingeniería Informática.,Escuela Politécnica Superior - Universidad Carlos III de Madrid - UC3M,https://www.gradomania.com/escuela-politecnica-superior-universidad-carlos-iii-de-madrid-uc3m-1527_q04.html,Presencial,Información no disponible,,240,4.0
https://www.gradomania.com/grado-en-ingenieria-informatica-distancia-85165_q08.html,Título Oficial de Grado en Ingeniería Informática.,Escuela Técnica Superior de Ingenieros Informáticos - Universidad Nacional de Educación a Distancia (UNED),https://www.gradomania.com/escuela-tecnica-superior-de-ingenieros-informaticos-universidad-nacional-de-educacion-distancia-uned-2679_q04.html,Distancia,Información no disponible,,240,4.0
https://www.gradomania.com/doble-grado-en-ingenieria-informatica-matematicas-madrid-82418_q08.html,Título Oficial de Doble Grado en Ingeniería Informática + Matemáticas,Facultad de Ciencias Matemáticas - Universidad Complutense de Madrid,https://www.gradomania.com/facultad-de-ciencias-matematicas-universidad-complutense-de-madrid-2081_q04.html,Presencial,Información no disponible,,360,6.0
https://www.gradomania.com/doble-grado-en-ingenieria-informatica-y-matematicas-granada-202064_q08.html,Título Oficial de Doble Grado en Ingeniería Informática y Matemáticas.,E.T.S. de Ingenierías Informática y de Telecomunicación - Universidad de Granada,https://www.gradomania.com/ets-de-ingenierias-informatica-y-de-telecomunicacion-universidad-de-granada-2276_q04.html,Presencial,Información no disponible,,369,6.15
https://www.gradomania.com/grado-en-ingenieria-informatica-madrid-64556_q08.html,Título Oficial de Grado en Ingeniería Informática.,Escuela Politécnica Superior - Universidad Carlos III de Madrid - UC3M,https://www.gradomania.com/escuela-politecnica-superior-universidad-carlos-iii-de-madrid-uc3m-2844_q04.html,Presencial,Información no disponible,,240,4.0
https://www.gradomania.com/grado-en-ingenieria-en-tecnologias-de-la-informacion-distancia-85166_q08.html,Título Oficial de Grado en Ingeniería en Tecnologías de la Información.,Escuela Técnica Superior de Ingenieros Informáticos - Universidad Nacional de Educación a Distancia (UNED),https://www.gradomania.com/escuela-tecnica-superior-de-ingenieros-informaticos-universidad-nacional-de-educacion-distancia-uned-2679_q04.html,Distancia,Información no disponible,,240,4.0
https://www.gradomania.com/grado-en-ingenieria-informatica-madrid-64571_q08.html,Titulo Oficial en Grado en Ingeniería Informática.,Escuela Politécnica Superior - Universidad de Alcalá,https://www.gradomania.com/escuela-politecnica-superior-universidad-de-alcala-1547_q04.html,Presencial,Información no disponible,,240,4.0
https://www.gradomania.com/grado-en-ingenieria-informatica-valencia-valencia-85184_q08.html,Título Oficial de Grado en Ingeniería Informática.,Escola Tècnica Superior d'Enginyeria - Universitat de València - Estudi General,https://www.gradomania.com/escola-tecnica-superior-denginyeria-universitat-de-valencia-estudi-general-2636_q04.html,Presencial,Información no disponible,,240,4.0
https://www.gradomania.com/grado-en-ingenieria-informatica-cadiz-82474_q08.html,Título Oficial de Grado en Ingeniería Informática.,Escuela Superior de Ingeniería de Cádiz - Universidad de Cádiz,https://www.gradomania.com/escuela-superior-de-ingenieria-de-cadiz-universidad-de-cadiz-2162_q04.html,Presencial,Información no disponible,,240,4.0
https://www.gradomania.com/grado-en-ingenieria-de-la-salud-por-la-univ-de-malaga-y-la-univde-sevilla-sevilla-202076_q08.html,Título Oficial de Grado en Ingeniería de la Salud.,Escuela Técnica Superior de Ingeniería Informática - Universidad de Sevilla,https://www.gradomania.com/escuela-tecnica-superior-de-ingenieria-informatica-universidad-de-sevilla-2401_q04.html,Presencial,Información no disponible,,240,4.0
https://www.gradomania.com/doble-grado-matematicas-ingenieria-informatica-barcelona-64614_q08.html,Grado en Matemáticas e Ingeniería Informática,Facultad de Ciencias - Universitat Autònoma de Barcelona - UAB,https://www.gradomania.com/facultad-de-ciencias-universitat-autonoma-de-barcelona-uab-1511_q04.html,Presencial,Información no disponible,,380,6.333333333333333
https://www.gradomania.com/grado-en-ingenieria-informatica-alicante-alacant-85219_q08.html,Título Oficial de Grado en Ingeniería Informática.,Escuela Politécnica Superior de Alcoy - Universitat Politècnica de València,https://www.gradomania.com/escuela-politecnica-superior-de-alcoy-universitat-politecnica-de-valencia-2582_q04.html,Presencial,Información no disponible,,240,4.0
https://www.gradomania.com/grado-en-ingenieria-informatica-coruna-64650_q08.html,Título Oficial de Grado en Ingeniería Informática.,Escola Técnica Superior de Enxeñaría - Universidade de Santiago de Compostela,https://www.gradomania.com/escola-tecnica-superior-de-enxenaria-universidade-de-santiago-de-compostela-1781_q04.html,Presencial,Información no disponible,,240,4.0
https://www.gradomania.com/grado-en-creacion-y-narracion-de-videojuegos-titulo-propio-de-experto-en-technical-artist-madrid-261039_q08.html,Título Oficial de Grado en Creación y Narración de Videojuegos + Título Propio de Experto en Technical Artist.,Facultad de Ciencias de la Comunicación  - Universidad Francisco de Vitoria,https://www.gradomania.com/facultad-de-ciencias-de-la-comunicacion-universidad-francisco-de-vitoria-1732_q04.html,Presencial,Información no disponible,,240,4.0
https://www.gradomania.com/doble-grado-en-ingenieria-informatica-matematicas-madrid-281933_q08.html,Título Oficial de Doble Grado en Ingeniería Informática + Matemáticas,Facultad de Informática - Universidad Complutense de Madrid,https://www.gradomania.com/facultad-de-informatica-universidad-complutense-de-madrid-2090_q04.html,Presencial,Información no disponible,,360,6.0
https://www.gradomania.com/doble-grado-en-comunicacion-audiovisual-creacion-y-narracion-de-videojuegos-madrid-261041_q08.html,Título Oficial de Doble Grado en Comunicación Audiovisual + Creación y Narración de Videojuegos.,Facultad de Ciencias de la Comunicación  - Universidad Francisco de Vitoria,https://www.gradomania.com/facultad-de-ciencias-de-la-comunicacion-universidad-francisco-de-vitoria-1732_q04.html,Presencial,Información no disponible,,0,0.0
https://www.gradomania.com/doble-grado-en-bellas-artes-creacion-y-narracion-de-videojuegos-madrid-261042_q08.html,Título Oficial de Doble Grado en Bellas Artes + Creación y Narración de Videojuegos.,Facultad de Ciencias de la Comunicación  - Universidad Francisco de Vitoria,https://www.gradomania.com/facultad-de-ciencias-de-la-comunicacion-universidad-francisco-de-vitoria-1732_q04.html,Presencial,Información no disponible,,0,0.0
https://www.gradomania.com/grado-en-digital-business-madrid-316404_q08.html,Grado en Digital Business,ESIC Business & Marketing School - ESIC Business & Marketing School,https://www.gradomania.com/esic-business-marketing-school-esic-business-marketing-school-741_q04.html,Presencial,Consultar rellenando el formulario,,240,4.0
https://www.gradomania.com/grado-en-ingenieria-informatica-barcelona-287673_q08.html,Grado Universitario de La Salle - Universidad Ramon LLull,La Salle - Ramón Llull - La Salle Campus Barcelona – Universidad Ramon Llull,https://www.gradomania.com/la-salle-ramon-llull-la-salle-campus-barcelona-universidad-ramon-llull-3139_q04.html,Presencial,Consultar rellenando el formulario,,240,4.0
https://www.gradomania.com/grau-en-enginyeria-informatica-barcelona-287674_q08.html,Grau Universitari Oficial de La Salle-Universitat Ramon Llull,La Salle - Ramón Llull - La Salle Campus Barcelona – Universidad Ramon Llull,https://www.gradomania.com/la-salle-ramon-llull-la-salle-campus-barcelona-universidad-ramon-llull-3139_q04.html,Presencial,Consultar rellenando el formulario,,240,4.0
https://www.gradomania.com/bachelor-cyber-security-management-grado-en-direccion-de-seguridad-informatica-reino-unido-288372_q08.html,BSc (Hons) Cyber Security Management,Faculty of Science and Technology - Bournemouth University,https://www.gradomania.com/faculty-science-and-technology-bournemouth-university-4507_q04.html,Presencial,"UK/EU/Channel Islands: £9,250International (non-EU): £13,500Unlimited number of Scholarships available for next academic yearPlease fill out the enquiry form for more information about the Scholarships",,240,4.0
https://www.gradomania.com/grau-en-enginyeria-en-organitzacio-de-les-tic-barcelona-258899_q08.html,Grau Universitari Oficial de La Salle-Universitat Ramon Llull,La Salle - Ramón Llull - La Salle Campus Barcelona – Universidad Ramon Llull,https://www.gradomania.com/la-salle-ramon-llull-la-salle-campus-barcelona-universidad-ramon-llull-3139_q04.html,Presencial,Consultar rellenando el formulario,,240,4.0
https://www.gradomania.com/grau-internacional-en-enginyeria-informatica-barcelona-258904_q08.html,Grau Universitari Oficial de La Salle-Universitat Ramon Llull,La Salle - Ramón Llull - La Salle Campus Barcelona – Universidad Ramon Llull,https://www.gradomania.com/la-salle-ramon-llull-la-salle-campus-barcelona-universidad-ramon-llull-3139_q04.html,Presencial,Consultar rellenando el formulario,,240,4.0
https://www.gradomania.com/official-bachelor-degree-computing-digital-technology-madrid-y-reino-unido-madrid-301683_q08.html,Official Bachelor Degree in Computing & Digital Technology,MSMK University - MSMK - Madrid School of Marketing,https://www.gradomania.com/msmk-university-msmk-madrid-school-marketing-5629_q04.html,Presencial,Consultar rellenando el formulario,,240,4.0
https://www.gradomania.com/doble-titulacio-enginyeria-informatica-enginyeria-multimedia-barcelona-258910_q08.html,Grau Universitari Oficial de La Salle-Universitat Ramon Llull,La Salle - Ramón Llull - La Salle Campus Barcelona – Universidad Ramon Llull,https://www.gradomania.com/la-salle-ramon-llull-la-salle-campus-barcelona-universidad-ramon-llull-3139_q04.html,Presencial,Consultar rellenando el formulario,,329,5.483333333333333
https://www.gradomania.com/doble-titulacio-enginyeria-telematica-grau-en-enginyeria-informatica-barcelona-258912_q08.html,Grau Universitari Oficial de La Salle-Universitat Ramon Llull,La Salle - Ramón Llull - La Salle Campus Barcelona – Universidad Ramon Llull,https://www.gradomania.com/la-salle-ramon-llull-la-salle-campus-barcelona-universidad-ramon-llull-3139_q04.html,Presencial,Consultar rellenando el formulario,,308,5.133333333333334
https://www.gradomania.com/bachelor-information-technology-computer-and-communication-networks-grado-en-tecnologias-de-la-informacion-canada-301366_q08.html,Bachelor of Information Technology (Computer and Communication Networks),School of Engineering Technology and Applied Science - Centennial College - Toronto,https://www.gradomania.com/school-engineering-technology-and-applied-science-centennial-college-toronto-5091_q04.html,Presencial,Consultar rellenando el formulario,,240,4.0
https://www.gradomania.com/grado-oficial-internacional-en-computing-digital-technology-madrid-y-reino-unido-madrid-301677_q08.html,Grado Oficial Internacional en Computing & Digital Technology,MSMK University - MSMK - Madrid School of Marketing,https://www.gradomania.com/msmk-university-msmk-madrid-school-marketing-5629_q04.html,Presencial,Consultar rellenando el formulario,,240,4.0
https://www.gradomania.com/grado-oficial-internacional-en-computing-madrid-y-reino-unido-madrid-301678_q08.html,Grado Oficial Internacional en Computing,MSMK University - MSMK - Madrid School of Marketing,https://www.gradomania.com/msmk-university-msmk-madrid-school-marketing-5629_q04.html,Presencial,Consultar rellenando el formulario,,240,4.0
https://www.gradomania.com/doble-titulacio-de-grau-en-enginyeria-informatica-grau-en-direccio-dempreses-tecnologiques-barcelona-268801_q08.html,Grau Universitari Oficial de La Salle - Universitat Ramon Llull,La Salle - Ramón Llull - La Salle Campus Barcelona – Universidad Ramon Llull,https://www.gradomania.com/la-salle-ramon-llull-la-salle-campus-barcelona-universidad-ramon-llull-3139_q04.html,Presencial,Consultar rellenando el formulario,,391,6.516666666666667
https://www.gradomania.com/official-bachelor-degree-data-science-madrid-301679_q08.html,Official Bachelor Degree in Data Science,MSMK University - MSMK - Madrid School of Marketing,https://www.gradomania.com/msmk-university-msmk-madrid-school-marketing-5629_q04.html,Presencial,Consultar rellenando el formulario,,0,0.0
https://www.gradomania.com/grado-oficial-internacional-en-inteligencia-artificial-madrid-y-reino-unido-madrid-301680_q08.html,Grado Oficial Internacional en Inteligencia Artificial,MSMK University - MSMK - Madrid School of Marketing,https://www.gradomania.com/msmk-university-msmk-madrid-school-marketing-5629_q04.html,Presencial,Consultar rellenando el formulario,,240,4.0
https://www.gradomania.com/grado-oficial-internacional-en-intelligent-systems-madrid-y-reino-unido-madrid-301681_q08.html,Grado Oficial Internacional en Intelligent Systems,MSMK University - MSMK - Madrid School of Marketing,https://www.gradomania.com/msmk-university-msmk-madrid-school-marketing-5629_q04.html,Presencial,Consultar rellenando el formulario,,240,4.0
https://www.gradomania.com/grado-oficial-internacional-en-robotica-madrid-y-reino-unido-madrid-301682_q08.html,Grado Oficial Internacional en Robótica,MSMK University - MSMK - Madrid School of Marketing,https://www.gradomania.com/msmk-university-msmk-madrid-school-marketing-5629_q04.html,Presencial,Consultar rellenando el formulario,,240,4.0
https://www.gradomania.com/double-degree-qualification-international-computer-engineering-and-business-management-and-technology-barcelona-285864_q08.html,Double Degree Qualification in International Computer and Management of Business and Technology,La Salle - Ramón Llull - La Salle Campus Barcelona – Universidad Ramon Llull,https://www.gradomania.com/la-salle-ramon-llull-la-salle-campus-barcelona-universidad-ramon-llull-3139_q04.html,Presencial,Consultar rellenando el formulario,,0,0.0
https://www.gradomania.com/grado-en-administracion-y-direccion-de-empresas-master-en-data-science-madrid-311563_q08.html,Grado en Administración y Dirección de Empresas + Máster en Data Science,CUNEF - CUNEF - Colegio Universitario de Estudios Financieros,https://www.gradomania.com/cunef-cunef-colegio-universitario-de-estudios-financieros-2723_q04.html,Presencial,Consultar rellenando el formulario,,300,5.0
https://www.gradomania.com/grado-en-ingenieria-informatica-lleida-90842_q08.html,Título Oficial de Grado en Ingeniería Informática,Escuela Politécnica Superior - Universitat de Lleida,https://www.gradomania.com/escuela-politecnica-superior-universitat-de-lleida-1683_q04.html,Presencial,Información no disponible,,240,4.0
https://www.gradomania.com/grado-de-ingenieria-informatica-online-300205_q08.html,Grado de Ingeniería Informática,Estudios Oficiales UOC - Universitat Oberta de Catalunya UOC,https://www.gradomania.com/estudios-oficiales-uoc-universitat-oberta-de-catalunya-uoc-2693_q04.html,Online,Información no disponible,,240,4.0
https://www.gradomania.com/grado-en-informatica-y-servicios-barcelona-64744_q08.html,Grado de Informática y Servicios,Facultad de Informatica Tomas Cerda - Escola Universitària d`Informática Tomàs Cerdà,https://www.gradomania.com/facultad-de-informatica-tomas-cerda-escola-universitaria-dinformatica-tomas-cerda-1870_q04.html,Presencial,3.978 €,,240,4.0
https://www.gradomania.com/grado-en-ingenieria-informatica-salamanca-83239_q08.html,Título Oficial de Grado en Ingeniería Informática.,Facultad de Ciencias - Universidad de Salamanca,https://www.gradomania.com/facultad-de-ciencias-universidad-de-salamanca-1745_q04.html,Presencial,Información no disponible,,240,4.0
https://www.gradomania.com/grado-en-ingenieria-en-organizacion-de-las-tic-barcelona-65085_q08.html,Título Oficial de Grado en ingeniería en organización de las TIC,Escola Tècnica Superior (ETS) d´Enginyeria Electrònica i Informàtica (EEI) La Salle - Universidad Ramón Llull,https://www.gradomania.com/escola-tecnica-superior-ets-denginyeria-electronica-i-informatica-eei-la-salle-universidad-ramon-llull-1603_q04.html,Presencial,Información no disponible,,240,4.0
https://www.gradomania.com/grado-en-ingenieria-informatica-en-tecnologias-de-la-informacion-asturias-91343_q08.html,Título Oficial de Grado en Ingeniería Informática en Tecnologías de la Información.,E.P.S. de Ingeniería de Gijón - Universidad de Oviedo,https://www.gradomania.com/eps-de-ingenieria-de-gijon-universidad-de-oviedo-2378_q04.html,Presencial,Información no disponible,,240,4.0
https://www.gradomania.com/grado-en-ingenieria-de-sistemas-audiovisuales-ingenieria-multimedia-barcelona-204316_q08.html,Título Oficial de Grado en Ingeniería de Sistemas Audiovisuales + Ingeniería Multimedia,Escola Tècnica Superior (ETS) d´Enginyeria Electrònica i Informàtica (EEI) La Salle - Universidad Ramón Llull,https://www.gradomania.com/escola-tecnica-superior-ets-denginyeria-electronica-i-informatica-eei-la-salle-universidad-ramon-llull-1603_q04.html,Presencial,Información no disponible,,318,5.3
https://www.gradomania.com/grado-en-ingenieria-informatica-bizkaia-83309_q08.html,Título Oficial de Grado en Ingeniería Informática.,Facultad de Ingeniería - Universidad de Deusto,https://www.gradomania.com/facultad-de-ingenieria-universidad-de-deusto-2240_q04.html,Presencial,Información no disponible,,240,4.0
https://www.gradomania.com/grado-en-ingenieria-informatica-valladolid-65834_q08.html,Título Oficial de Grado en Ingeniería Informática,Escuela Politécnica Superior - Universidad Europea Miguel de Cervantes,https://www.gradomania.com/escuela-politecnica-superior-universidad-europea-miguel-de-cervantes-2502_q04.html,Presencial,Información no disponible,,240,4.0
https://www.gradomania.com/grado-en-ingenieria-informatica-en-ingenieria-de-computadores-caceres-92791_q08.html,Título Oficial de Grado en Ingeniería Informática en Ingeniería de Computadores.,Escuela Politécnica - Universidad de Extremadura,https://www.gradomania.com/escuela-politecnica-universidad-de-extremadura-2252_q04.html,Presencial,Información no disponible,,240,4.0
https://www.gradomania.com/grado-en-ingenieria-informatica-ingenieria-multimedia-barcelona-204319_q08.html,Título Oficial de Grado en Ingeniería Informática + Ingeniería Multimedia,Escola Tècnica Superior (ETS) d´Enginyeria Electrònica i Informàtica (EEI) La Salle - Universidad Ramón Llull,https://www.gradomania.com/escola-tecnica-superior-ets-denginyeria-electronica-i-informatica-eei-la-salle-universidad-ramon-llull-1603_q04.html,Presencial,Información no disponible,,329,5.483333333333333
